-- phpMyAdmin SQL Dump
-- version 5.2.1
-- https://www.phpmyadmin.net/
--
-- Host: 127.0.0.1
-- Generation Time: Oct 22, 2025 at 11:47 AM
-- Server version: 10.4.32-MariaDB
-- PHP Version: 8.2.12

SET SQL_MODE = "NO_AUTO_VALUE_ON_ZERO";
START TRANSACTION;
SET time_zone = "+00:00";


/*!40101 SET @OLD_CHARACTER_SET_CLIENT=@@CHARACTER_SET_CLIENT */;
/*!40101 SET @OLD_CHARACTER_SET_RESULTS=@@CHARACTER_SET_RESULTS */;
/*!40101 SET @OLD_COLLATION_CONNECTION=@@COLLATION_CONNECTION */;
/*!40101 SET NAMES utf8mb4 */;

--
-- Database: `education&course`
--

-- --------------------------------------------------------

--
-- Table structure for table `bases`
--

CREATE TABLE `bases` (
  `id` int(10) UNSIGNED NOT NULL,
  `name_en` varchar(255) NOT NULL,
  `name_ar` varchar(255) NOT NULL,
  `base_photo` varchar(255) DEFAULT 'uploads/nopic.png',
  `created_at` timestamp NULL DEFAULT NULL,
  `updated_at` timestamp NULL DEFAULT NULL
) ENGINE=InnoDB DEFAULT CHARSET=utf8mb4 COLLATE=utf8mb4_unicode_ci;

--
-- Dumping data for table `bases`
--

INSERT INTO `bases` (`id`, `name_en`, `name_ar`, `base_photo`, `created_at`, `updated_at`) VALUES
(1, 'Doha Air Base', 'قاعدة الدوحة الجوية', 'uploads/dohasign.png', '2023-11-08 13:19:23', '2023-11-08 13:19:23'),
(2, 'AlUdeid Air Base', 'قاعدة العديد الجوية', 'uploads/udeidsign.png', '2023-11-08 13:22:19', '2023-11-08 13:22:19'),
(3, 'Dukhan Air Base', 'قاعدة دخان / تميم الجوية', 'uploads/nopic.png', '2023-11-12 15:00:55', '2023-11-12 15:00:55'),
(4, 'Alshamal', 'قاعدة الشمال', 'uploads/nopic.png', '2024-04-18 06:07:04', '2024-04-18 06:07:04');

-- --------------------------------------------------------

--
-- Table structure for table `calendar`
--

CREATE TABLE `calendar` (
  `event_id` int(11) NOT NULL,
  `title` varchar(255) NOT NULL,
  `description` mediumtext NOT NULL,
  `color` varchar(7) NOT NULL,
  `start_date` date NOT NULL,
  `end_date` date NOT NULL,
  `id_employee` int(11) DEFAULT NULL
) ENGINE=InnoDB DEFAULT CHARSET=utf8mb4 COLLATE=utf8mb4_unicode_ci;

--
-- Dumping data for table `calendar`
--

INSERT INTO `calendar` (`event_id`, `title`, `description`, `color`, `start_date`, `end_date`, `id_employee`) VALUES
(141, 'دورة تدريبية ', 'دورة تدريبية خارجية لمدة شهرين ', '#ea7171', '2025-05-01', '2025-06-30', 38),
(142, 'ورشة عمل ', 'ورشة عمل داخلية ', '#3feea2', '2025-08-26', '2025-08-30', 38),
(144, 'مهمة عمل ', 'مهمة عمل لمدة ثلاثة أشهر ', '#20e6e9', '2025-07-01', '2025-10-01', 69),
(145, 'دورة خارجية ', 'دورة خارجية لمدة أربعة أشهر ', '#c67a10', '2025-11-01', '2026-02-28', 69),
(146, 'عمل خارجي ', 'عمل خارجي لمدة أسبوع', '#e51f1f', '2025-07-01', '2025-07-07', 69),
(147, 'تمرين مشترك ', 'تمرين مشترك مع القوات المسلحة القطرية ', '#e7e013', '2025-06-20', '2025-07-12', 70),
(148, 'تمرين', 'تمرين خارجي ', '#3ee2e5', '2025-06-27', '2025-07-11', 71),
(149, 'تمرين', 'تمرين خارجي ', '#c44f4f', '2025-06-25', '2025-09-06', 72),
(150, 'تمرين', 'تمرين خارجي لمدة شهر ', '#36bf4d', '2025-07-01', '2025-08-30', 73);

-- --------------------------------------------------------

--
-- Table structure for table `course`
--

CREATE TABLE `course` (
  `id_course` int(11) NOT NULL,
  `name_ar` varchar(100) NOT NULL,
  `name_en` varchar(100) NOT NULL,
  `type` varchar(100) NOT NULL,
  `id_location` int(11) DEFAULT NULL,
  `id_department` int(11) DEFAULT NULL,
  `start_date` date NOT NULL,
  `end_date` date NOT NULL,
  `status` varchar(20) DEFAULT 'active'
) ENGINE=InnoDB DEFAULT CHARSET=utf8mb4 COLLATE=utf8mb4_unicode_ci;

--
-- Dumping data for table `course`
--

INSERT INTO `course` (`id_course`, `name_ar`, `name_en`, `type`, `id_location`, `id_department`, `start_date`, `end_date`, `status`) VALUES
(71, 'البوتستراب ', 'Bootstrap', 'خارجية', 3, 1, '2025-07-04', '2025-08-29', 'active'),
(72, 'سي شارب ', '#C', 'داخلية', 2, 48, '2025-07-01', '2025-08-16', 'active'),
(73, 'الذكاء الاصطناعي ', 'artificial intelligence', 'خارجية', 3, 1, '2025-08-07', '2025-09-13', 'active'),
(74, 'إدارة قواعد البيانات ', 'Management database', 'داخلية', 2, 20, '2025-08-21', '2025-10-18', 'active'),
(75, 'الجافا', 'Java', 'داخلية', 2, 48, '2025-07-31', '2025-08-16', 'active');

-- --------------------------------------------------------

--
-- Table structure for table `courses_employees`
--

CREATE TABLE `courses_employees` (
  `id` bigint(20) NOT NULL,
  `military_number` varchar(50) NOT NULL COMMENT 'الرقم العسكري للموظف',
  `name_ar` varchar(100) NOT NULL COMMENT 'اسم الموظف باللغة العربية',
  `id_rank` int(11) DEFAULT NULL COMMENT 'رتبة الموظف',
  `id_department` bigint(20) NOT NULL COMMENT 'معرف القسم التابع له الموظف',
  `id_course` bigint(20) NOT NULL COMMENT 'معرف الدورة التدريبية',
  `course_name` varchar(255) NOT NULL COMMENT 'اسم الدورة التدريبية',
  `id_location` bigint(20) NOT NULL COMMENT 'معرف موقع انعقاد الدورة',
  `location_name` varchar(255) DEFAULT NULL COMMENT 'اسم موقع انعقاد الدورة',
  `start_date` date NOT NULL COMMENT 'تاريخ بداية الدورة',
  `end_date` date NOT NULL COMMENT 'تاريخ نهاية الدورة',
  `duration` int(11) DEFAULT NULL COMMENT 'مدة الدورة بالأيام',
  `requested_by` int(11) NOT NULL COMMENT 'معرف المستخدم الذي قدم الطلب',
  `request_date` date NOT NULL COMMENT 'تاريخ تقديم الطلب',
  `placement_reason` text DEFAULT NULL COMMENT 'سبب ترشيح الموظف للدورة',
  `recommendation` text DEFAULT NULL COMMENT 'توصيات إضافية',
  `result` varchar(100) NOT NULL COMMENT 'نتيجة الدورة (ناجح/راسب/إلخ)',
  `mention` varchar(100) NOT NULL COMMENT 'التقدير الذي حصل عليه الموظف',
  `reference` varchar(100) DEFAULT NULL COMMENT 'مرجع الوثيقة أو الشهادة',
  `pdf_file` varchar(255) DEFAULT NULL COMMENT 'مسار ملف PDF المرفق',
  `current_stage` varchar(50) NOT NULL COMMENT 'المرحلة الحالية للطلب',
  `stage_order` tinyint(4) DEFAULT 1 COMMENT 'ترتيب المرحلة الحالية',
  `status` varchar(50) NOT NULL DEFAULT 'pending' COMMENT 'حالة الطلب (معلق/موافق/مرفوض)',
  `created_at` timestamp NOT NULL DEFAULT current_timestamp() COMMENT 'تاريخ إنشاء السجل',
  `updated_at` timestamp NOT NULL DEFAULT current_timestamp() ON UPDATE current_timestamp() COMMENT 'تاريخ آخر تحديث للسجل',
  `final_decision_id` bigint(20) DEFAULT NULL COMMENT 'معرف القرار النهائي للطلب',
  `is_resubmitted` tinyint(1) NOT NULL DEFAULT 0 COMMENT '''0=طلب أصلي, 1=طلب معاد إرساله''\r\n\r\n''0=طلب أصلي, 1=طلب معاد إرساله''\r\n\r\n',
  `resubmitted_to` int(11) DEFAULT NULL COMMENT 'أعيد تقديمه الى ',
  `resubmitted_at` datetime DEFAULT NULL ON UPDATE current_timestamp() COMMENT 'تاريخ إعادة إرسال الطلب'
) ENGINE=InnoDB DEFAULT CHARSET=utf8mb4 COLLATE=utf8mb4_unicode_ci;

--
-- Dumping data for table `courses_employees`
--

INSERT INTO `courses_employees` (`id`, `military_number`, `name_ar`, `id_rank`, `id_department`, `id_course`, `course_name`, `id_location`, `location_name`, `start_date`, `end_date`, `duration`, `requested_by`, `request_date`, `placement_reason`, `recommendation`, `result`, `mention`, `reference`, `pdf_file`, `current_stage`, `stage_order`, `status`, `created_at`, `updated_at`, `final_decision_id`, `is_resubmitted`, `resubmitted_to`, `resubmitted_at`) VALUES
(59, '114142', 'محمد نصير ناصر الهنائي', NULL, 48, 71, '', 3, NULL, '2025-07-04', '2025-08-29', NULL, 42, '2025-09-18', 'هذه الدورة تؤهله في الترقية القادمة', 'أوصي له', '100', 'ممتاز', '1758443341_الموظفين.pdf', 'placement_114142_1758176070.pdf', 'completed', 1, 'completed', '2025-09-18 03:56:18', '2025-09-21 08:29:01', NULL, 0, NULL, '2025-09-21 11:29:01');

-- --------------------------------------------------------

--
-- Table structure for table `course_attendance`
--

CREATE TABLE `course_attendance` (
  `id` int(11) NOT NULL,
  `course_employee_id` int(11) NOT NULL,
  `attendance_date` date DEFAULT curdate(),
  `status` enum('حاضر','غائب','متأخر','حالة التواجد') NOT NULL,
  `notes` text DEFAULT NULL,
  `created_at` timestamp NOT NULL DEFAULT current_timestamp(),
  `updated_at` timestamp NOT NULL DEFAULT current_timestamp() ON UPDATE current_timestamp()
) ENGINE=InnoDB DEFAULT CHARSET=utf8mb4 COLLATE=utf8mb4_unicode_ci;

-- --------------------------------------------------------

--
-- Table structure for table `course_decisions`
--

CREATE TABLE `course_decisions` (
  `id` bigint(20) NOT NULL COMMENT 'المعرف الفريد للقرار',
  `course_employee_id` bigint(20) NOT NULL COMMENT 'معرف سجل الدورة في جدول courses_employees',
  `stage` enum('department_admin','department_officer','department_commander','education_admin','education_officer','education_commander','courses_department') DEFAULT NULL COMMENT 'مرحلة اتخاذ القرار',
  `decision` enum('pending','approved','rejected','returned','completed','cancelled') NOT NULL DEFAULT 'pending' COMMENT 'حالة القرار',
  `notes` text DEFAULT NULL COMMENT 'ملاحظات إضافية حول القرار',
  `recommendation` text DEFAULT NULL COMMENT 'توصيات القرار',
  `decision_by` int(11) DEFAULT NULL COMMENT 'معرف المستخدم الذي اتخذ القرار',
  `decision_date` datetime NOT NULL DEFAULT current_timestamp() ON UPDATE current_timestamp() COMMENT 'تاريخ وتوقيت اتخاذ القرار',
  `created_at` timestamp NOT NULL DEFAULT current_timestamp() COMMENT 'تاريخ إنشاء السجل',
  `updated_at` timestamp NOT NULL DEFAULT current_timestamp() ON UPDATE current_timestamp() COMMENT 'تاريخ آخر تحديث'
) ENGINE=InnoDB DEFAULT CHARSET=utf8mb4 COLLATE=utf8mb4_unicode_ci COMMENT='جدول قرارات الموافقة على الدورات التدريبية';

--
-- Dumping data for table `course_decisions`
--

INSERT INTO `course_decisions` (`id`, `course_employee_id`, `stage`, `decision`, `notes`, `recommendation`, `decision_by`, `decision_date`, `created_at`, `updated_at`) VALUES
(168, 59, 'department_admin', 'approved', '', '', 42, '2025-09-18 07:56:35', '2025-09-18 04:56:35', '2025-09-18 04:56:35'),
(169, 59, 'department_officer', 'approved', '', 'أوصي له', 42, '2025-09-18 07:57:11', '2025-09-18 04:57:11', '2025-09-18 04:57:11'),
(170, 59, 'department_commander', 'approved', '', 'أوصي له', 42, '2025-09-18 07:57:31', '2025-09-18 04:57:31', '2025-09-18 04:57:31'),
(171, 59, 'education_admin', 'approved', '', '', 42, '2025-09-18 07:57:43', '2025-09-18 04:57:43', '2025-09-18 04:57:43'),
(172, 59, 'education_officer', 'approved', '', 'أوصي له', 42, '2025-09-18 07:58:08', '2025-09-18 04:58:08', '2025-09-18 04:58:08'),
(173, 59, 'education_commander', 'approved', '', 'على بركة الله', 42, '2025-09-18 07:58:25', '2025-09-18 04:58:25', '2025-09-18 04:58:25');

-- --------------------------------------------------------

--
-- Table structure for table `departments`
--

CREATE TABLE `departments` (
  `id_department` int(11) NOT NULL,
  `name_en` varchar(255) DEFAULT NULL,
  `name_ar` varchar(255) NOT NULL,
  `parent_id` int(11) NOT NULL DEFAULT 0,
  `is_company` int(11) NOT NULL DEFAULT 0,
  `is_superadmin` int(11) NOT NULL DEFAULT 0,
  `last_ip` varchar(255) DEFAULT NULL,
  `last_login_date` timestamp NULL DEFAULT NULL,
  `created_at` timestamp NULL DEFAULT NULL,
  `updated_at` timestamp NULL DEFAULT NULL
) ENGINE=InnoDB DEFAULT CHARSET=utf8mb4 COLLATE=utf8mb4_unicode_ci;

--
-- Dumping data for table `departments`
--

INSERT INTO `departments` (`id_department`, `name_en`, `name_ar`, `parent_id`, `is_company`, `is_superadmin`, `last_ip`, `last_login_date`, `created_at`, `updated_at`) VALUES
(1, 'QAF', '', 0, 0, 1, NULL, NULL, '2023-11-08 04:36:44', '2023-11-08 04:36:44'),
(2, 'Qatar Emiri Air Force Command', 'قيادة القوات الجوية الأميرية القطرية', 0, 0, 0, NULL, NULL, '0000-00-00 00:00:00', '0000-00-00 00:00:00'),
(3, 'Ground Defense Wing - Security Squadron and Air Police', 'جناح الدفاع الأرضي - سرب الأمن والشرطة الجوية', 15, 0, 0, NULL, NULL, '0000-00-00 00:00:00', '0000-00-00 00:00:00'),
(4, 'Operations Wing', 'جناح العمليات', 11, 0, 0, NULL, NULL, '0000-00-00 00:00:00', '0000-00-00 00:00:00'),
(5, 'Joint Doha Center for Rescue Coordination - Joint Doha Center for Rescue Coordination leadership', 'مركز الدوحة المشترك لتنسيق الإنقاذ - قيادة مركز الدوحة المشترك لتنسيق الانقاذ', 11, 0, 0, NULL, NULL, '0000-00-00 00:00:00', '0000-00-00 00:00:00'),
(6, 'Air Inspector', 'المفتش الجوي', 23, 0, 0, NULL, NULL, '0000-00-00 00:00:00', '0000-00-00 00:00:00'),
(7, 'Ground Defense Wing, Doha Base', 'جناح الدفاع الارضي قاعدة الدوحة', 13, 0, 0, NULL, NULL, '0000-00-00 00:00:00', '0000-00-00 00:00:00'),
(8, 'Operations Wing Doha Base', 'جناح العمليات قاعدة الدوحة', 13, 0, 0, NULL, NULL, '0000-00-00 00:00:00', '0000-00-00 00:00:00'),
(9, 'Mission Support Wing Doha Base', 'جناح دعم المهام قاعدة  الدوحة', 13, 0, 0, NULL, NULL, '0000-00-00 00:00:00', '0000-00-00 00:00:00'),
(10, 'Air Supply Command', 'مديرية الامداد - قيادة مديرية الامداد', 85, 0, 0, NULL, NULL, '0000-00-00 00:00:00', '0000-00-00 00:00:00'),
(11, 'Air Operations Command', 'قيادة العمليات الجوية', 23, 0, 0, NULL, NULL, '0000-00-00 00:00:00', '0000-00-00 00:00:00'),
(12, 'Manpower leadership and training', 'قيادة القوى البشرية والتعليم', 23, 0, 0, NULL, NULL, '0000-00-00 00:00:00', '0000-00-00 00:00:00'),
(13, 'Doha Air Base Command', 'قيادة قاعدة الدوحة الجوية', 71, 0, 0, NULL, NULL, '0000-00-00 00:00:00', '0000-00-00 00:00:00'),
(14, 'Northern Air Base Command', 'قيادة قاعدة الشمال الجوية', 73, 0, 0, NULL, NULL, '0000-00-00 00:00:00', '0000-00-00 00:00:00'),
(15, 'Al Udeid Air Base Command', 'قيادة قاعدة العديد الجوية', 24, 0, 0, NULL, NULL, '0000-00-00 00:00:00', '0000-00-00 00:00:00'),
(16, 'Dukhan Air Base Command', 'قيادة قاعدة دخان الجوية', 72, 0, 0, NULL, NULL, '0000-00-00 00:00:00', '0000-00-00 00:00:00'),
(17, 'Air Transport Group Lead', 'قيادة مجموعة النقل الجوي', 11, 0, 0, NULL, NULL, '0000-00-00 00:00:00', '0000-00-00 00:00:00'),
(18, 'Command of the Joint Helicopter Group and Tactical Support', 'قيادة مجموعة الطائرات العمودية المشتركة والاسناد التكتيكي', 11, 0, 0, NULL, NULL, '0000-00-00 00:00:00', '0000-00-00 00:00:00'),
(19, 'Command of the air combat group', 'قيادة مجموعة القتال الجوي', 11, 0, 0, NULL, NULL, '0000-00-00 00:00:00', '0000-00-00 00:00:00'),
(20, 'Air Force Intelligence Directorate', 'مديرية الاستخبارات الجوية', 23, 0, 0, NULL, NULL, '0000-00-00 00:00:00', '0000-00-00 00:00:00'),
(21, 'Air Control Center', 'مركز المراقبة الجوية', 46, 0, 0, NULL, NULL, '0000-00-00 00:00:00', '0000-00-00 00:00:00'),
(22, 'Air Operations Center', 'مركز العمليات الجوي الوطني', 46, 0, 0, NULL, NULL, '0000-00-00 00:00:00', '0000-00-00 00:00:00'),
(23, 'Office of the Air Force Commander', 'مكتب قائد القوات الجوية', 2, 0, 0, NULL, NULL, '0000-00-00 00:00:00', '0000-00-00 00:00:00'),
(24, 'Office of the Deputy Commander of the Air Force', 'مكتب نائب قائد القوات الجوية', 2, 0, 0, NULL, NULL, '0000-00-00 00:00:00', '0000-00-00 00:00:00'),
(25, 'Directorate of Operations', 'مديرية العمليات', 2, 0, 0, NULL, NULL, '0000-00-00 00:00:00', '0000-00-00 00:00:00'),
(26, 'Directorate of operational plans', 'مديرية الخطط العملياتية والتدريب', 2, 0, 0, NULL, NULL, '0000-00-00 00:00:00', '0000-00-00 00:00:00'),
(27, 'Budgets Directorate', 'مديرية الموازنات والعقود', 2, 0, 0, NULL, NULL, '0000-00-00 00:00:00', '0000-00-00 00:00:00'),
(28, 'Maintenance Directorate', 'مديرية الصيانة', 2, 0, 0, NULL, NULL, '0000-00-00 00:00:00', '0000-00-00 00:00:00'),
(29, 'Directorate of Administrative Affairs and Manpower', 'مديرية الشؤون الإدارية والقوى البشرية', 12, 0, 0, NULL, NULL, '0000-00-00 00:00:00', '0000-00-00 00:00:00'),
(30, 'Directorate of Protocol and Public Relations', 'مديرية المراسم والعلاقات العامة', 12, 0, 0, NULL, NULL, '0000-00-00 00:00:00', '0000-00-00 00:00:00'),
(31, 'Directorate of Education and Courses', 'مديرية التعليم والدورات', 12, 0, 0, NULL, NULL, '0000-00-00 00:00:00', '0000-00-00 00:00:00'),
(32, 'Aviation Medicine Center', 'مركز طب الطيران', 12, 0, 0, NULL, NULL, '0000-00-00 00:00:00', '0000-00-00 00:00:00'),
(33, 'Air Training Center', 'معهد القوات الجوية', 12, 0, 0, NULL, NULL, '0000-00-00 00:00:00', '0000-00-00 00:00:00'),
(34, 'Directorate of Military Cooperation', 'مديرية التعاون العسكري الجوي', 24, 0, 0, NULL, NULL, '0000-00-00 00:00:00', '0000-00-00 00:00:00'),
(35, 'Directorate of air projects and future requirements', 'مديرية المشاريع الجوية والمتطلبات المستقبلية', 157, 0, 0, NULL, NULL, '0000-00-00 00:00:00', '0000-00-00 00:00:00'),
(36, 'Safety Directorate', 'مديرية السلامة', 23, 0, 0, NULL, NULL, '0000-00-00 00:00:00', '0000-00-00 00:00:00'),
(37, 'Air War Center / Operations Command', 'مركز الحرب الجوي / قيادة العمليات', 11, 0, 0, NULL, NULL, '0000-00-00 00:00:00', '0000-00-00 00:00:00'),
(38, 'Aviation Wing / 1', 'جناح الطيران/1', 19, 0, 0, NULL, NULL, '0000-00-00 00:00:00', '0000-00-00 00:00:00'),
(39, 'Aviation Wing / 5', 'جناح الطيران/5', 19, 0, 0, NULL, NULL, '0000-00-00 00:00:00', '0000-00-00 00:00:00'),
(40, 'Aviation Wing / 6', 'جناح الطيران/6', 19, 0, 0, NULL, NULL, '0000-00-00 00:00:00', '0000-00-00 00:00:00'),
(41, 'Aviation Wing / 7', 'جناح الطيران/7', 19, 0, 0, NULL, NULL, '0000-00-00 00:00:00', '0000-00-00 00:00:00'),
(42, 'Aviation Wing / 2', 'جناح الطيران/2', 18, 0, 0, NULL, NULL, '0000-00-00 00:00:00', '0000-00-00 00:00:00'),
(43, 'Aviation Wing / 3', 'جناح الطيران/3', 18, 0, 0, NULL, NULL, '0000-00-00 00:00:00', '0000-00-00 00:00:00'),
(44, 'Aviation Wing / 4', 'جناح الطيران/4', 18, 0, 0, NULL, NULL, '0000-00-00 00:00:00', '0000-00-00 00:00:00'),
(45, 'Aviation Wing / 9', 'جناح الطيران/9', 17, 0, 0, NULL, NULL, '0000-00-00 00:00:00', '0000-00-00 00:00:00'),
(46, 'Command and Control Group', 'مجموعة القيادة والسيطرة', 11, 0, 0, NULL, NULL, '0000-00-00 00:00:00', '0000-00-00 00:00:00'),
(47, 'Electronic Warfare Wing', 'جناح الحرب الإلكترونية', 157, 0, 0, NULL, NULL, '0000-00-00 00:00:00', '0000-00-00 00:00:00'),
(48, 'Central Communications and Information Systems Wing (CISC)', 'جناح الاتصالات ونظم المعلومات المركزي(CISC)', 11, 0, 0, NULL, NULL, '0000-00-00 00:00:00', '0000-00-00 00:00:00'),
(49, 'Strategic Transport Wing', 'جناح النقل الاستراتيجي', 17, 0, 0, NULL, NULL, '0000-00-00 00:00:00', '0000-00-00 00:00:00'),
(50, 'Aviation Wing / 8', 'جناح الطيران/8', 17, 0, 0, NULL, NULL, '0000-00-00 00:00:00', '0000-00-00 00:00:00'),
(51, 'Air Transport Operations Wing', 'جناح عمليات النقل الجوي', 17, 0, 0, NULL, NULL, '0000-00-00 00:00:00', '0000-00-00 00:00:00'),
(52, 'Aircraft Maintenance Wing / Doha Air Base / Maintenance', 'جناح صيانة الطائرات / قاعدة الدوحة الجوية / الصيانة', 85, 0, 0, NULL, NULL, '0000-00-00 00:00:00', '0000-00-00 00:00:00'),
(53, 'Aircraft Maintenance Wing / Al Udeid Air Base / Maintenance', 'جناح صيانة الطائرات / قاعدة العديد الجوية / الصيانة', 85, 0, 0, NULL, NULL, '0000-00-00 00:00:00', '0000-00-00 00:00:00'),
(54, 'Aircraft Maintenance Wing / Dukhan Air Base / Maintenance', 'جناح صيانة الطائرات / قاعدة دخان الجوية / الصيانة', 85, 0, 0, NULL, NULL, '0000-00-00 00:00:00', '0000-00-00 00:00:00'),
(55, 'Radar maintenance Wing and command and control / maintenance center', 'جناح صيانة الرادارات ومركز القيادة والسيطرة / الصيانة', 85, 0, 0, NULL, NULL, '0000-00-00 00:00:00', '0000-00-00 00:00:00'),
(56, 'Al Udeid Operations Wing', 'جناح العمليات قاعدة العديد', 15, 0, 0, NULL, NULL, '0000-00-00 00:00:00', '0000-00-00 00:00:00'),
(57, 'Wing support many functions base', 'جناح دعم المهام قاعدة العديد', 15, 0, 0, NULL, NULL, '0000-00-00 00:00:00', '0000-00-00 00:00:00'),
(58, 'Ground Defense Wing, Al Udeid Base', 'جناح الدفاع الارضي قاعدة العديد', 15, 0, 0, NULL, NULL, '0000-00-00 00:00:00', '0000-00-00 00:00:00'),
(59, 'Dukhan Base Operations Wing', 'جناح العمليات قاعدة دخان', 16, 0, 0, NULL, NULL, '0000-00-00 00:00:00', '0000-00-00 00:00:00'),
(60, 'Ground Defense Wing, Dukhan Base', 'جناح الدفاع الارضي قاعدة دخان', 16, 0, 0, NULL, NULL, '0000-00-00 00:00:00', '0000-00-00 00:00:00'),
(61, 'Smoke Base Mission Support Wing', 'جناح دعم المهام قاعدة دخان', 16, 0, 0, NULL, NULL, '0000-00-00 00:00:00', '0000-00-00 00:00:00'),
(62, 'Operations Wing North Base', 'جناح العمليات قاعدة الشمال', 14, 0, 0, NULL, NULL, '0000-00-00 00:00:00', '0000-00-00 00:00:00'),
(63, 'Ground Defense Wing, North Base', 'جناح الدفاع الارضي قاعدة الشمال', 14, 0, 0, NULL, NULL, '0000-00-00 00:00:00', '0000-00-00 00:00:00'),
(64, 'North Base Mission Support Wing', 'جناح دعم المهام قاعدة الشمال', 14, 0, 0, NULL, NULL, '0000-00-00 00:00:00', '0000-00-00 00:00:00'),
(65, 'Central supply wing', 'جناح التزويد المركزي', 85, 0, 0, NULL, NULL, '0000-00-00 00:00:00', '0000-00-00 00:00:00'),
(66, 'Central armament maintenance wing', 'جناح التسليح المركزي', 85, 0, 0, NULL, NULL, '0000-00-00 00:00:00', '0000-00-00 00:00:00'),
(67, 'Administration Wing', 'جناح الإدارة - قاعدة دخان الجوية', 16, 0, 0, NULL, NULL, '0000-00-00 00:00:00', '0000-00-00 00:00:00'),
(68, 'Early Warning Wing', 'جناح الإنذار المبكر', 46, 0, 0, NULL, NULL, '0000-00-00 00:00:00', '0000-00-00 00:00:00'),
(69, 'جناح الدفاع الأرضي والأمن بقاعدة الدوحة الجوية', 'جناح الدفاع الأرضي والأمن بقاعدة الدوحة الجوية', 13, 0, 0, NULL, NULL, '0000-00-00 00:00:00', '0000-00-00 00:00:00'),
(70, 'جناح العمليات بقاعدة الدوحة الجوية', 'جناح العمليات بقاعدة الدوحة الجوية', 13, 0, 0, NULL, NULL, '0000-00-00 00:00:00', '0000-00-00 00:00:00'),
(71, 'قاعدة الدوحة الجوية', 'قاعدة الدوحة الجوية', 24, 0, 0, NULL, NULL, '0000-00-00 00:00:00', '0000-00-00 00:00:00'),
(72, 'قاعدة دخان الجوية', 'قاعدة دخان الجوية', 24, 0, 0, NULL, NULL, '0000-00-00 00:00:00', '0000-00-00 00:00:00'),
(73, 'قاعدة الشمال الجوية', 'قاعدة الشمال الجوية', 24, 0, 0, NULL, NULL, '0000-00-00 00:00:00', '0000-00-00 00:00:00'),
(74, 'مديرية الطيران العسكري', 'مديرية الطيران العسكري', 11, 0, 0, NULL, NULL, '0000-00-00 00:00:00', '0000-00-00 00:00:00'),
(75, 'مديرية العمليات والتدريب', 'مديرية العمليات والتدريب', 11, 0, 0, NULL, NULL, '0000-00-00 00:00:00', '0000-00-00 00:00:00'),
(76, 'مركز الحرب الجوي', 'مركز الحرب الجوي', 11, 0, 0, NULL, NULL, '0000-00-00 00:00:00', '0000-00-00 00:00:00'),
(77, 'جناح طيران 10', 'جناح طيران 10', 17, 0, 0, NULL, NULL, '0000-00-00 00:00:00', '0000-00-00 00:00:00'),
(78, 'جناح طائرات الاستطلاع الاستراتيجي', 'جناح طائرات الاستطلاع الاستراتيجي', 86, 0, 0, NULL, NULL, '0000-00-00 00:00:00', '0000-00-00 00:00:00'),
(79, 'جناح طائرات الاستطلاع التكتيكي', 'جناح طائرات الاستطلاع التكتيكي', 86, 0, 0, NULL, NULL, '0000-00-00 00:00:00', '0000-00-00 00:00:00'),
(80, 'جناح عمليات الاستطلاع والمراقبة', 'جناح عمليات الاستطلاع والمراقبة', 86, 0, 0, NULL, NULL, '0000-00-00 00:00:00', '0000-00-00 00:00:00'),
(81, 'جناح الرادارات', 'جناح الرادارات', 46, 0, 0, NULL, NULL, '0000-00-00 00:00:00', '0000-00-00 00:00:00'),
(82, 'جناح التدريب', 'جناح التدريب', 46, 0, 0, NULL, NULL, '0000-00-00 00:00:00', '0000-00-00 00:00:00'),
(83, 'مركز عمليات الجوي المطور', 'مركز عمليات الجوي المطور', 46, 0, 0, NULL, NULL, '0000-00-00 00:00:00', '0000-00-00 00:00:00'),
(84, 'مركز العمليات الجوي المتنقل', 'مركز العمليات الجوي المتنقل', 46, 0, 0, NULL, NULL, '0000-00-00 00:00:00', '0000-00-00 00:00:00'),
(85, 'قيادة الاسناد و الإمداد الجوي', 'قيادة الاسناد و الإمداد الجوي', 23, 0, 0, NULL, NULL, '0000-00-00 00:00:00', '0000-00-00 00:00:00'),
(86, 'مجموعة الطيران المسير', 'مجموعة الطيران المسير', 11, 0, 0, NULL, NULL, '0000-00-00 00:00:00', '0000-00-00 00:00:00'),
(87, 'Al Mana Group', 'Al Mana Group', 2, 1, 0, NULL, NULL, '2024-02-11 05:46:47', '2024-02-11 05:46:47'),
(88, 'Al Mannai', 'Al Mannai', 2, 1, 0, NULL, NULL, '2024-02-11 05:47:52', '2024-02-11 05:47:52'),
(89, 'Temek', 'Temek', 2, 1, 0, NULL, NULL, '2024-02-11 05:48:04', '2024-02-11 05:48:04'),
(90, 'Boeing', 'Boeing', 2, 1, 0, NULL, NULL, '2024-02-11 05:48:15', '2024-02-11 05:48:15'),
(91, 'NONQEAF', 'خارج القوات الجوية', 2, 0, 0, NULL, NULL, '0000-00-00 00:00:00', '0000-00-00 00:00:00'),
(92, 'NONQAF', 'خارج القوات المسلحة', 2, 0, 0, NULL, NULL, '0000-00-00 00:00:00', '0000-00-00 00:00:00'),
(93, 'Calibration Center for the Armed Forces', 'مركز المعايرة للقوات المسلحة', 91, 0, 0, NULL, NULL, '0000-00-00 00:00:00', '0000-00-00 00:00:00'),
(94, 'Joint Electronic Warfare Center', 'مركز الحرب الالكترونية المشتركة', 91, 0, 0, NULL, NULL, '0000-00-00 00:00:00', '0000-00-00 00:00:00'),
(95, 'Signal Corp-Data Center', 'سلاح الإشارة- مركز البيانات', 91, 0, 0, NULL, NULL, '0000-00-00 00:00:00', '0000-00-00 00:00:00'),
(96, 'Medical Squadron', 'السرب الطبى', 91, 0, 0, NULL, NULL, '0000-00-00 00:00:00', '0000-00-00 00:00:00'),
(97, 'Sub-Center for Search and Rescue', 'المركز الفرعي للبحث والانقاذ', 91, 0, 0, NULL, NULL, '0000-00-00 00:00:00', '0000-00-00 00:00:00'),
(98, 'Military Police <the hangar>', 'الشرطة العسكرية <الحظيرة>', 91, 0, 0, NULL, NULL, '0000-00-00 00:00:00', '0000-00-00 00:00:00'),
(99, 'Transport Central Wing', 'جناح النقليات والمحروقات المركزي', 91, 0, 0, NULL, NULL, '0000-00-00 00:00:00', '0000-00-00 00:00:00'),
(100, 'Imam of the mosque', 'امام المسجد', 91, 0, 0, NULL, NULL, '0000-00-00 00:00:00', '0000-00-00 00:00:00'),
(101, 'Fire Squadron', 'سرب الاطفائيه', 91, 0, 0, NULL, NULL, '0000-00-00 00:00:00', '0000-00-00 00:00:00'),
(102, 'Air Defense Directorate', 'مديرية الدفاع الجوي', 91, 0, 0, NULL, NULL, '0000-00-00 00:00:00', '0000-00-00 00:00:00'),
(103, 'Joint Doha Center for Coordination', 'مركز الدوحة المشترك لتنسيق', 91, 0, 0, NULL, NULL, '0000-00-00 00:00:00', '0000-00-00 00:00:00'),
(104, 'Air College', 'الكلية الجوية', 91, 0, 0, NULL, NULL, '0000-00-00 00:00:00', '0000-00-00 00:00:00'),
(105, 'Administration Wing - Transport and Support Squadron', 'جناح الادارة  - سرب النقليات والإسناد', 91, 0, 0, NULL, NULL, '0000-00-00 00:00:00', '0000-00-00 00:00:00'),
(106, 'Air Defense Wing', 'جناح الدفاع الجوي', 91, 0, 0, NULL, NULL, '0000-00-00 00:00:00', '0000-00-00 00:00:00'),
(107, 'Air Defense Wing - 1st Squadron (Misteral)', 'جناح الدفاع الجوي - السرب الأول (مسترال)', 91, 0, 0, NULL, NULL, '0000-00-00 00:00:00', '0000-00-00 00:00:00'),
(108, 'Air Defense Wing - 2nd Squadron (Roland)', 'جناح الدفاع الجوي - السرب الثاني (رولاند)', 91, 0, 0, NULL, NULL, '0000-00-00 00:00:00', '0000-00-00 00:00:00'),
(109, 'Air Defense Wing - Command and Control Squadron', 'جناح الدفاع الجوي - سرب القيادة والسيطرة', 91, 0, 0, NULL, NULL, '0000-00-00 00:00:00', '0000-00-00 00:00:00'),
(110, 'Air Defense Wing - Command of the Air Defense Wing', 'جناح الدفاع الجوي - قيادة جناح الدفاع الجوي', 91, 0, 0, NULL, NULL, '0000-00-00 00:00:00', '0000-00-00 00:00:00'),
(111, 'Operations Wing - Fire Squadron', 'جناح العمليات - سرب الاطفائية', 91, 0, 0, NULL, NULL, '0000-00-00 00:00:00', '0000-00-00 00:00:00'),
(112, 'Operations Wing - Fire Squadron', 'جناح العمليات - سرب الإطفائية', 91, 0, 0, NULL, NULL, '0000-00-00 00:00:00', '0000-00-00 00:00:00'),
(113, 'Air Defense Maintenance Wing', 'جناح صيانة الدفاع الجوي', 91, 0, 0, NULL, NULL, '0000-00-00 00:00:00', '0000-00-00 00:00:00'),
(114, 'Air Defense Maintenance Wing - Radar Maintenance Squadron', 'جناح صيانة الدفاع الجوي - سرب صيانة الرادارات', 91, 0, 0, NULL, NULL, '0000-00-00 00:00:00', '0000-00-00 00:00:00'),
(115, 'Air Defense Maintenance Wing - Command of the Air Defense Maintenance Wing', 'جناح صيانة الدفاع الجوي - قيادة جناح صيانة الدفاع الجوي', 91, 0, 0, NULL, NULL, '0000-00-00 00:00:00', '0000-00-00 00:00:00'),
(116, 'Air Defense Maintenance Wing - Air Operations Center', 'جناح صيانة الدفاع الجوي - مركز العمليات الجوية', 91, 0, 0, NULL, NULL, '0000-00-00 00:00:00', '0000-00-00 00:00:00'),
(117, 'Supply Directorate - Supply Directorate leadership', 'قيادة الإسناد والإمداد الجوي', 91, 0, 0, NULL, NULL, '0000-00-00 00:00:00', '0000-00-00 00:00:00'),
(118, 'Directorate of Education and Courses - Leadership of the Directorate of Education and Courses', 'مديرية التعليم والدورات - قيادة مديرية التعليم والدورات', 91, 0, 0, NULL, NULL, '0000-00-00 00:00:00', '0000-00-00 00:00:00'),
(119, 'Air Defense Directorate - Early Warning and Missile Systems Division', 'مديرية الدفاع الجوي - شعبة الانذار  المبكر وانظمة الصواريخ', 91, 0, 0, NULL, NULL, '0000-00-00 00:00:00', '0000-00-00 00:00:00'),
(120, 'Air Defense Directorate - Air Defense Operations and Training Division', 'مديرية الدفاع الجوي - شعبة العمليات والتدريب للدفاع الجوي', 91, 0, 0, NULL, NULL, '0000-00-00 00:00:00', '0000-00-00 00:00:00'),
(121, 'Air Defense Directorate - Command of the Air Defense Directorate', 'مديرية الدفاع الجوي - قيادة مديرية الدفاع الجوي', 91, 0, 0, NULL, NULL, '0000-00-00 00:00:00', '0000-00-00 00:00:00'),
(122, 'Amiri Corps of Engineers', 'سلاح المهندسين الاميري', 91, 0, 0, NULL, NULL, '0000-00-00 00:00:00', '0000-00-00 00:00:00'),
(123, 'Al Zaeem Air Academy', 'كلية الزعيم', 91, 0, 0, NULL, NULL, '0000-00-00 00:00:00', '0000-00-00 00:00:00'),
(124, 'Hunger College', 'كلية الجوعان', 91, 0, 0, NULL, NULL, '0000-00-00 00:00:00', '0000-00-00 00:00:00'),
(125, 'Signal Corp', 'سلاح الاشارة', 91, 0, 0, NULL, NULL, '0000-00-00 00:00:00', '0000-00-00 00:00:00'),
(126, 'Air Defense Forces', 'قوات الدفاع الجوي', 91, 0, 0, NULL, NULL, '0000-00-00 00:00:00', '0000-00-00 00:00:00'),
(127, 'Mohammed bin Abdullah Al-Attiyah Air College Command', 'قيادة كلية الزعيم محمد بن عبدالله العطية الجوية', 91, 0, 0, NULL, NULL, '0000-00-00 00:00:00', '0000-00-00 00:00:00'),
(128, 'Ministry of Defense', 'وزارة الدفاع', 91, 0, 0, NULL, NULL, '0000-00-00 00:00:00', '0000-00-00 00:00:00'),
(129, 'Technical Institute', 'المعهد التقني', 91, 0, 0, NULL, NULL, '0000-00-00 00:00:00', '0000-00-00 00:00:00'),
(130, 'Ministry building', 'مبنى الوزارة', 91, 0, 0, NULL, NULL, '0000-00-00 00:00:00', '0000-00-00 00:00:00'),
(131, 'special forces', 'القوات الخاصة', 91, 0, 0, NULL, NULL, '0000-00-00 00:00:00', '0000-00-00 00:00:00'),
(132, 'Joint Operations Command (Central Fire Unit)', 'قيادة العمليات المشتركة (وحدة الإطفائية المركزية)', 91, 0, 0, NULL, NULL, '0000-00-00 00:00:00', '0000-00-00 00:00:00'),
(133, 'AlZaeemAirAcademy', 'كلية الزعيم الجوية', 91, 0, 0, NULL, NULL, '0000-00-00 00:00:00', '0000-00-00 00:00:00'),
(134, 'Air Safety Squadron-Air Safety Department', 'سرب السلامة الجوية - إدارة السلامة الجوية', 91, 0, 0, NULL, NULL, '0000-00-00 00:00:00', '0000-00-00 00:00:00'),
(135, 'Administration Wing-Administrative Affairs Squadron', 'الجناح الإداري - سرب الشؤون الإدارية', 91, 0, 0, NULL, NULL, '0000-00-00 00:00:00', '0000-00-00 00:00:00'),
(136, 'Research and Development Department-Research and Development Cente', 'قسم البحث والتطوير - مركز البحث والتطوير', 91, 0, 0, NULL, NULL, '0000-00-00 00:00:00', '0000-00-00 00:00:00'),
(137, 'Aviation Wing-Airshow Squadron', 'جناح الطيران - سرب العرض الجوي', 91, 0, 0, NULL, NULL, '0000-00-00 00:00:00', '0000-00-00 00:00:00'),
(138, 'Shooting Range', 'الرماية', 91, 0, 0, NULL, NULL, '0000-00-00 00:00:00', '0000-00-00 00:00:00'),
(139, 'Administration Wing', 'جناح الادارة', 91, 0, 0, NULL, NULL, '0000-00-00 00:00:00', '0000-00-00 00:00:00'),
(140, 'Student Wing', 'جناح الطلبة', 91, 0, 0, NULL, NULL, '0000-00-00 00:00:00', '0000-00-00 00:00:00'),
(141, 'Air Transport Group (Aviation Wing)', 'مجموعة النقل الجوي (جناح الطيران)', 91, 0, 0, NULL, NULL, '0000-00-00 00:00:00', '0000-00-00 00:00:00'),
(142, 'Air Accessory (Education Wing)', 'ملحق من الجوية (جناح التعليم)', 91, 0, 0, NULL, NULL, '0000-00-00 00:00:00', '0000-00-00 00:00:00'),
(143, 'Air Supplement (Student Suite)', 'ملحق من الجوية (جناح الطلبة)', 91, 0, 0, NULL, NULL, '0000-00-00 00:00:00', '0000-00-00 00:00:00'),
(144, 'Transferred to the Chief of Staff\'s Office', 'نقل الى مكتب رئيس الاركان', 91, 0, 0, NULL, NULL, '0000-00-00 00:00:00', '0000-00-00 00:00:00'),
(145, 'Attached', 'ملحق', 91, 0, 0, NULL, NULL, '0000-00-00 00:00:00', '0000-00-00 00:00:00'),
(146, 'Education Wing', 'جناح التعليم', 91, 0, 0, NULL, NULL, '0000-00-00 00:00:00', '0000-00-00 00:00:00'),
(147, 'Clinic', 'العيادة', 91, 0, 0, NULL, NULL, '0000-00-00 00:00:00', '0000-00-00 00:00:00'),
(148, 'End of Attachement', 'انهاء الحاق الجوية', 91, 0, 0, NULL, NULL, '0000-00-00 00:00:00', '0000-00-00 00:00:00'),
(149, 'CAOC', 'CAOC', 91, 0, 0, NULL, NULL, '0000-00-00 00:00:00', '0000-00-00 00:00:00'),
(150, 'Not Available', 'جناح غير محدد', 91, 0, 0, NULL, NULL, '0000-00-00 00:00:00', '0000-00-00 00:00:00'),
(151, 'Office of Deputy Prime Minister & State Minister of Defence Affairs', 'مكتب نائب رئيس مجلس الوزراء ووزير الدولة لشؤون الدفاع', 91, 0, 0, NULL, NULL, '0000-00-00 00:00:00', '0000-00-00 00:00:00'),
(152, 'Amiri Flying', 'الطيران الأميري', 92, 0, 0, NULL, NULL, '0000-00-00 00:00:00', '0000-00-00 00:00:00'),
(153, 'National Bank of Qatar', 'بنك قطر الوطني', 92, 0, 0, NULL, NULL, '0000-00-00 00:00:00', '0000-00-00 00:00:00'),
(154, 'Qatar Airways', 'الخطوط الجويه القطريه', 92, 0, 0, NULL, NULL, '0000-00-00 00:00:00', '0000-00-00 00:00:00'),
(155, 'Many passports', 'جوازات العديد', 92, 0, 0, NULL, NULL, '0000-00-00 00:00:00', '0000-00-00 00:00:00'),
(156, 'Many customs', 'جمارك العديد', 92, 0, 0, NULL, NULL, '0000-00-00 00:00:00', '0000-00-00 00:00:00'),
(157, 'Directorate of air projects and future requirements + Elec. Warfare', 'مديرية المشاريع الجوية والمتطلبات المستقبلية و الحرب الالكترونية', 24, 0, 0, NULL, NULL, '0000-00-00 00:00:00', '0000-00-00 00:00:00');

-- --------------------------------------------------------

--
-- Table structure for table `department_bases`
--

CREATE TABLE `department_bases` (
  `id` bigint(20) UNSIGNED NOT NULL,
  `id_department` int(10) UNSIGNED NOT NULL,
  `base_id` int(10) UNSIGNED NOT NULL,
  `created_at` timestamp NULL DEFAULT NULL,
  `updated_at` timestamp NULL DEFAULT NULL
) ENGINE=InnoDB DEFAULT CHARSET=utf8mb4 COLLATE=utf8mb4_unicode_ci;

--
-- Dumping data for table `department_bases`
--

INSERT INTO `department_bases` (`id`, `id_department`, `base_id`, `created_at`, `updated_at`) VALUES
(1, 1, 1, '2023-01-15 07:47:00', '2023-01-15 07:47:00'),
(2, 2, 1, '2023-01-15 07:47:00', '2023-01-15 07:47:00'),
(3, 3, 1, '2023-01-15 07:47:00', '2023-01-15 07:47:00'),
(4, 4, 1, '2023-01-15 07:47:00', '2023-01-15 07:47:00'),
(5, 5, 1, '2023-01-15 07:47:00', '2023-01-15 07:47:00'),
(6, 6, 1, '2023-01-15 07:47:00', '2023-01-15 07:47:00'),
(7, 7, 1, '2023-01-15 07:47:00', '2023-01-15 07:47:00'),
(8, 8, 1, '2023-01-15 07:47:00', '2023-01-15 07:47:00'),
(9, 9, 1, '2023-01-15 07:47:00', '2023-01-15 07:47:00'),
(10, 10, 1, '2023-01-15 07:47:00', '2023-01-15 07:47:00'),
(11, 11, 1, '2023-01-15 07:47:00', '2023-01-15 07:47:00'),
(12, 12, 1, '2023-01-15 07:47:00', '2023-01-15 07:47:00'),
(13, 13, 1, '2023-01-15 07:47:00', '2023-01-15 07:47:00'),
(14, 14, 1, '2023-01-15 07:47:00', '2023-01-15 07:47:00'),
(15, 15, 1, '2023-01-15 07:47:00', '2023-01-15 07:47:00'),
(16, 16, 1, '2023-01-15 07:47:00', '2023-01-15 07:47:00'),
(17, 17, 1, '2023-01-15 07:47:00', '2023-01-15 07:47:00'),
(18, 18, 1, '2023-01-15 07:47:00', '2023-01-15 07:47:00'),
(19, 19, 1, '2023-01-15 07:47:00', '2023-01-15 07:47:00'),
(20, 20, 1, '2023-01-15 07:47:00', '2023-01-15 07:47:00'),
(21, 21, 1, '2023-01-15 07:47:00', '2023-01-15 07:47:00'),
(22, 22, 1, '2023-01-15 07:47:00', '2023-01-15 07:47:00'),
(23, 23, 1, '2023-01-15 07:47:00', '2023-01-15 07:47:00'),
(24, 24, 1, '2023-01-15 07:47:00', '2023-01-15 07:47:00'),
(25, 25, 1, '2023-01-15 07:47:00', '2023-01-15 07:47:00'),
(26, 26, 1, '2023-01-15 07:47:00', '2023-01-15 07:47:00'),
(27, 27, 1, '2023-01-15 07:47:00', '2023-01-15 07:47:00'),
(28, 28, 1, '2023-01-15 07:47:00', '2023-01-15 07:47:00'),
(29, 29, 1, '2023-01-15 07:47:00', '2023-01-15 07:47:00'),
(30, 30, 1, '2023-01-15 07:47:00', '2023-01-15 07:47:00'),
(31, 31, 1, '2023-01-15 07:47:00', '2023-01-15 07:47:00'),
(32, 32, 1, '2023-01-15 07:47:00', '2023-01-15 07:47:00'),
(33, 33, 1, '2023-01-15 07:47:00', '2023-01-15 07:47:00'),
(34, 34, 1, '2023-01-15 07:47:00', '2023-01-15 07:47:00'),
(35, 35, 1, '2023-01-15 07:47:00', '2023-01-15 07:47:00'),
(36, 36, 1, '2023-01-15 07:47:00', '2023-01-15 07:47:00'),
(37, 37, 1, '2023-01-15 07:47:00', '2023-01-15 07:47:00'),
(38, 38, 1, '2023-01-15 07:47:00', '2023-01-15 07:47:00'),
(39, 39, 1, '2023-01-15 07:47:00', '2023-01-15 07:47:00'),
(40, 40, 1, '2023-01-15 07:47:00', '2023-01-15 07:47:00'),
(41, 41, 1, '2023-01-15 07:47:00', '2023-01-15 07:47:00'),
(42, 42, 1, '2023-01-15 07:47:00', '2023-01-15 07:47:00'),
(43, 43, 1, '2023-01-15 07:47:00', '2023-01-15 07:47:00'),
(44, 44, 1, '2023-01-15 07:47:00', '2023-01-15 07:47:00'),
(45, 45, 1, '2023-01-15 07:47:00', '2023-01-15 07:47:00'),
(46, 46, 1, '2023-01-15 07:47:00', '2023-01-15 07:47:00'),
(47, 47, 1, '2023-01-15 07:47:00', '2023-01-15 07:47:00'),
(48, 48, 1, '2023-01-15 07:47:00', '2023-01-15 07:47:00'),
(49, 49, 1, '2023-01-15 07:47:00', '2023-01-15 07:47:00'),
(50, 50, 1, '2023-01-15 07:47:00', '2023-01-15 07:47:00'),
(51, 51, 1, '2023-01-15 07:47:00', '2023-01-15 07:47:00'),
(52, 52, 1, '2023-01-15 07:47:00', '2023-01-15 07:47:00'),
(53, 53, 1, '2023-01-15 07:47:00', '2023-01-15 07:47:00'),
(54, 54, 1, '2023-01-15 07:47:00', '2023-01-15 07:47:00'),
(55, 55, 1, '2023-01-15 07:47:00', '2023-01-15 07:47:00'),
(56, 56, 1, '2023-01-15 07:47:00', '2023-01-15 07:47:00'),
(57, 57, 1, '2023-01-15 07:47:00', '2023-01-15 07:47:00'),
(58, 58, 1, '2023-01-15 07:47:00', '2023-01-15 07:47:00'),
(59, 59, 1, '2023-01-15 07:47:00', '2023-01-15 07:47:00'),
(60, 60, 1, '2023-01-15 07:47:00', '2023-01-15 07:47:00'),
(61, 61, 1, '2023-01-15 07:47:00', '2023-01-15 07:47:00'),
(62, 62, 1, '2023-01-15 07:47:00', '2023-01-15 07:47:00'),
(63, 63, 1, '2023-01-15 07:47:00', '2023-01-15 07:47:00'),
(64, 64, 1, '2023-01-15 07:47:00', '2023-01-15 07:47:00'),
(65, 65, 1, '2023-01-15 07:47:00', '2023-01-15 07:47:00'),
(66, 66, 1, '2023-01-15 07:47:00', '2023-01-15 07:47:00'),
(67, 67, 1, '2023-01-15 07:47:00', '2023-01-15 07:47:00'),
(68, 68, 1, '2023-01-15 07:47:00', '2023-01-15 07:47:00'),
(69, 69, 1, '2023-01-15 07:47:00', '2023-01-15 07:47:00'),
(70, 70, 1, '2023-01-15 07:47:00', '2023-01-15 07:47:00'),
(71, 71, 1, '2023-01-15 07:47:00', '2023-01-15 07:47:00'),
(72, 72, 1, '2023-01-15 07:47:00', '2023-01-15 07:47:00'),
(73, 73, 1, '2023-01-15 07:47:00', '2023-01-15 07:47:00'),
(74, 74, 1, '2023-01-15 07:47:00', '2023-01-15 07:47:00'),
(75, 75, 1, '2023-01-15 07:47:00', '2023-01-15 07:47:00'),
(76, 76, 1, '2023-01-15 07:47:00', '2023-01-15 07:47:00'),
(77, 77, 1, '2023-01-15 07:47:00', '2023-01-15 07:47:00'),
(78, 78, 1, '2023-01-15 07:47:00', '2023-01-15 07:47:00'),
(79, 79, 1, '2023-01-15 07:47:00', '2023-01-15 07:47:00'),
(80, 80, 1, '2023-01-15 07:47:00', '2023-01-15 07:47:00'),
(81, 81, 1, '2023-01-15 07:47:00', '2023-01-15 07:47:00'),
(82, 82, 1, '2023-01-15 07:47:00', '2023-01-15 07:47:00'),
(83, 83, 1, '2023-01-15 07:47:00', '2023-01-15 07:47:00'),
(84, 84, 1, '2023-01-15 07:47:00', '2023-01-15 07:47:00'),
(85, 85, 1, '2023-01-15 07:47:00', '2023-01-15 07:47:00'),
(86, 86, 1, '2023-01-15 07:47:00', '2023-01-15 07:47:00'),
(87, 1, 2, '2023-01-15 07:47:00', '2023-01-15 07:47:00'),
(88, 2, 2, '2023-01-15 07:47:00', '2023-01-15 07:47:00'),
(89, 3, 2, '2023-01-15 07:47:00', '2023-01-15 07:47:00'),
(90, 4, 2, '2023-01-15 07:47:00', '2023-01-15 07:47:00'),
(91, 5, 2, '2023-01-15 07:47:00', '2023-01-15 07:47:00'),
(92, 6, 2, '2023-01-15 07:47:00', '2023-01-15 07:47:00'),
(93, 7, 2, '2023-01-15 07:47:00', '2023-01-15 07:47:00'),
(94, 8, 2, '2023-01-15 07:47:00', '2023-01-15 07:47:00'),
(95, 9, 2, '2023-01-15 07:47:00', '2023-01-15 07:47:00'),
(96, 10, 2, '2023-01-15 07:47:00', '2023-01-15 07:47:00'),
(97, 11, 2, '2023-01-15 07:47:00', '2023-01-15 07:47:00'),
(98, 12, 2, '2023-01-15 07:47:00', '2023-01-15 07:47:00'),
(99, 13, 2, '2023-01-15 07:47:00', '2023-01-15 07:47:00'),
(100, 14, 2, '2023-01-15 07:47:00', '2023-01-15 07:47:00'),
(101, 15, 2, '2023-01-15 07:47:00', '2023-01-15 07:47:00'),
(102, 16, 2, '2023-01-15 07:47:00', '2023-01-15 07:47:00'),
(103, 17, 2, '2023-01-15 07:47:00', '2023-01-15 07:47:00'),
(104, 18, 2, '2023-01-15 07:47:00', '2023-01-15 07:47:00'),
(105, 19, 2, '2023-01-15 07:47:00', '2023-01-15 07:47:00'),
(106, 20, 2, '2023-01-15 07:47:00', '2023-01-15 07:47:00'),
(107, 21, 2, '2023-01-15 07:47:00', '2023-01-15 07:47:00'),
(108, 22, 2, '2023-01-15 07:47:00', '2023-01-15 07:47:00'),
(109, 23, 2, '2023-01-15 07:47:00', '2023-01-15 07:47:00'),
(110, 24, 2, '2023-01-15 07:47:00', '2023-01-15 07:47:00'),
(111, 25, 2, '2023-01-15 07:47:00', '2023-01-15 07:47:00'),
(112, 26, 2, '2023-01-15 07:47:00', '2023-01-15 07:47:00'),
(113, 27, 2, '2023-01-15 07:47:00', '2023-01-15 07:47:00'),
(114, 28, 2, '2023-01-15 07:47:00', '2023-01-15 07:47:00'),
(115, 29, 2, '2023-01-15 07:47:00', '2023-01-15 07:47:00'),
(116, 30, 2, '2023-01-15 07:47:00', '2023-01-15 07:47:00'),
(117, 31, 2, '2023-01-15 07:47:00', '2023-01-15 07:47:00'),
(118, 32, 2, '2023-01-15 07:47:00', '2023-01-15 07:47:00'),
(119, 33, 2, '2023-01-15 07:47:00', '2023-01-15 07:47:00'),
(120, 34, 2, '2023-01-15 07:47:00', '2023-01-15 07:47:00'),
(121, 35, 2, '2023-01-15 07:47:00', '2023-01-15 07:47:00'),
(122, 36, 2, '2023-01-15 07:47:00', '2023-01-15 07:47:00'),
(123, 37, 2, '2023-01-15 07:47:00', '2023-01-15 07:47:00'),
(124, 38, 2, '2023-01-15 07:47:00', '2023-01-15 07:47:00'),
(125, 39, 2, '2023-01-15 07:47:00', '2023-01-15 07:47:00'),
(126, 40, 2, '2023-01-15 07:47:00', '2023-01-15 07:47:00'),
(127, 41, 2, '2023-01-15 07:47:00', '2023-01-15 07:47:00'),
(128, 42, 2, '2023-01-15 07:47:00', '2023-01-15 07:47:00'),
(129, 43, 2, '2023-01-15 07:47:00', '2023-01-15 07:47:00'),
(130, 44, 2, '2023-01-15 07:47:00', '2023-01-15 07:47:00'),
(131, 45, 2, '2023-01-15 07:47:00', '2023-01-15 07:47:00'),
(132, 46, 2, '2023-01-15 07:47:00', '2023-01-15 07:47:00'),
(133, 47, 2, '2023-01-15 07:47:00', '2023-01-15 07:47:00'),
(134, 48, 2, '2023-01-15 07:47:00', '2023-01-15 07:47:00'),
(135, 49, 2, '2023-01-15 07:47:00', '2023-01-15 07:47:00'),
(136, 50, 2, '2023-01-15 07:47:00', '2023-01-15 07:47:00'),
(137, 51, 2, '2023-01-15 07:47:00', '2023-01-15 07:47:00'),
(138, 52, 2, '2023-01-15 07:47:00', '2023-01-15 07:47:00'),
(139, 53, 2, '2023-01-15 07:47:00', '2023-01-15 07:47:00'),
(140, 54, 2, '2023-01-15 07:47:00', '2023-01-15 07:47:00'),
(141, 55, 2, '2023-01-15 07:47:00', '2023-01-15 07:47:00'),
(142, 56, 2, '2023-01-15 07:47:00', '2023-01-15 07:47:00'),
(143, 57, 2, '2023-01-15 07:47:00', '2023-01-15 07:47:00'),
(144, 58, 2, '2023-01-15 07:47:00', '2023-01-15 07:47:00'),
(145, 59, 2, '2023-01-15 07:47:00', '2023-01-15 07:47:00'),
(146, 60, 2, '2023-01-15 07:47:00', '2023-01-15 07:47:00'),
(147, 61, 2, '2023-01-15 07:47:00', '2023-01-15 07:47:00'),
(148, 62, 2, '2023-01-15 07:47:00', '2023-01-15 07:47:00'),
(149, 63, 2, '2023-01-15 07:47:00', '2023-01-15 07:47:00'),
(150, 64, 2, '2023-01-15 07:47:00', '2023-01-15 07:47:00'),
(151, 65, 2, '2023-01-15 07:47:00', '2023-01-15 07:47:00'),
(152, 66, 2, '2023-01-15 07:47:00', '2023-01-15 07:47:00'),
(153, 67, 2, '2023-01-15 07:47:00', '2023-01-15 07:47:00'),
(154, 68, 2, '2023-01-15 07:47:00', '2023-01-15 07:47:00'),
(155, 69, 2, '2023-01-15 07:47:00', '2023-01-15 07:47:00'),
(156, 70, 2, '2023-01-15 07:47:00', '2023-01-15 07:47:00'),
(157, 71, 2, '2023-01-15 07:47:00', '2023-01-15 07:47:00'),
(158, 72, 2, '2023-01-15 07:47:00', '2023-01-15 07:47:00'),
(159, 73, 2, '2023-01-15 07:47:00', '2023-01-15 07:47:00'),
(160, 74, 2, '2023-01-15 07:47:00', '2023-01-15 07:47:00'),
(161, 75, 2, '2023-01-15 07:47:00', '2023-01-15 07:47:00'),
(162, 76, 2, '2023-01-15 07:47:00', '2023-01-15 07:47:00'),
(163, 77, 2, '2023-01-15 07:47:00', '2023-01-15 07:47:00'),
(164, 78, 2, '2023-01-15 07:47:00', '2023-01-15 07:47:00'),
(165, 79, 2, '2023-01-15 07:47:00', '2023-01-15 07:47:00'),
(166, 80, 2, '2023-01-15 07:47:00', '2023-01-15 07:47:00'),
(167, 81, 2, '2023-01-15 07:47:00', '2023-01-15 07:47:00'),
(168, 82, 2, '2023-01-15 07:47:00', '2023-01-15 07:47:00'),
(169, 83, 2, '2023-01-15 07:47:00', '2023-01-15 07:47:00'),
(170, 84, 2, '2023-01-15 07:47:00', '2023-01-15 07:47:00'),
(171, 85, 2, '2023-01-15 07:47:00', '2023-01-15 07:47:00'),
(172, 86, 2, '2023-01-15 07:47:00', '2023-01-15 07:47:00'),
(173, 1, 3, '2023-01-15 07:47:00', '2023-01-15 07:47:00'),
(174, 2, 3, '2023-01-15 07:47:00', '2023-01-15 07:47:00'),
(175, 3, 3, '2023-01-15 07:47:00', '2023-01-15 07:47:00'),
(176, 4, 3, '2023-01-15 07:47:00', '2023-01-15 07:47:00'),
(177, 5, 3, '2023-01-15 07:47:00', '2023-01-15 07:47:00'),
(178, 6, 3, '2023-01-15 07:47:00', '2023-01-15 07:47:00'),
(179, 7, 3, '2023-01-15 07:47:00', '2023-01-15 07:47:00'),
(180, 8, 3, '2023-01-15 07:47:00', '2023-01-15 07:47:00'),
(181, 9, 3, '2023-01-15 07:47:00', '2023-01-15 07:47:00'),
(182, 10, 3, '2023-01-15 07:47:00', '2023-01-15 07:47:00'),
(183, 11, 3, '2023-01-15 07:47:00', '2023-01-15 07:47:00'),
(184, 12, 3, '2023-01-15 07:47:00', '2023-01-15 07:47:00'),
(185, 13, 3, '2023-01-15 07:47:00', '2023-01-15 07:47:00'),
(186, 14, 3, '2023-01-15 07:47:00', '2023-01-15 07:47:00'),
(187, 15, 3, '2023-01-15 07:47:00', '2023-01-15 07:47:00'),
(188, 16, 3, '2023-01-15 07:47:00', '2023-01-15 07:47:00'),
(189, 17, 3, '2023-01-15 07:47:00', '2023-01-15 07:47:00'),
(190, 18, 3, '2023-01-15 07:47:00', '2023-01-15 07:47:00'),
(191, 19, 3, '2023-01-15 07:47:00', '2023-01-15 07:47:00'),
(192, 20, 3, '2023-01-15 07:47:00', '2023-01-15 07:47:00'),
(193, 21, 3, '2023-01-15 07:47:00', '2023-01-15 07:47:00'),
(194, 22, 3, '2023-01-15 07:47:00', '2023-01-15 07:47:00'),
(195, 23, 3, '2023-01-15 07:47:00', '2023-01-15 07:47:00'),
(196, 24, 3, '2023-01-15 07:47:00', '2023-01-15 07:47:00'),
(197, 25, 3, '2023-01-15 07:47:00', '2023-01-15 07:47:00'),
(198, 26, 3, '2023-01-15 07:47:00', '2023-01-15 07:47:00'),
(199, 27, 3, '2023-01-15 07:47:00', '2023-01-15 07:47:00'),
(200, 28, 3, '2023-01-15 07:47:00', '2023-01-15 07:47:00'),
(201, 29, 3, '2023-01-15 07:47:00', '2023-01-15 07:47:00'),
(202, 30, 3, '2023-01-15 07:47:00', '2023-01-15 07:47:00'),
(203, 31, 3, '2023-01-15 07:47:00', '2023-01-15 07:47:00'),
(204, 32, 3, '2023-01-15 07:47:00', '2023-01-15 07:47:00'),
(205, 33, 3, '2023-01-15 07:47:00', '2023-01-15 07:47:00'),
(206, 34, 3, '2023-01-15 07:47:00', '2023-01-15 07:47:00'),
(207, 35, 3, '2023-01-15 07:47:00', '2023-01-15 07:47:00'),
(208, 36, 3, '2023-01-15 07:47:00', '2023-01-15 07:47:00'),
(209, 37, 3, '2023-01-15 07:47:00', '2023-01-15 07:47:00'),
(210, 38, 3, '2023-01-15 07:47:00', '2023-01-15 07:47:00'),
(211, 39, 3, '2023-01-15 07:47:00', '2023-01-15 07:47:00'),
(212, 40, 3, '2023-01-15 07:47:00', '2023-01-15 07:47:00'),
(213, 41, 3, '2023-01-15 07:47:00', '2023-01-15 07:47:00'),
(214, 42, 3, '2023-01-15 07:47:00', '2023-01-15 07:47:00'),
(215, 43, 3, '2023-01-15 07:47:00', '2023-01-15 07:47:00'),
(216, 44, 3, '2023-01-15 07:47:00', '2023-01-15 07:47:00'),
(217, 45, 3, '2023-01-15 07:47:00', '2023-01-15 07:47:00'),
(218, 46, 3, '2023-01-15 07:47:00', '2023-01-15 07:47:00'),
(219, 47, 3, '2023-01-15 07:47:00', '2023-01-15 07:47:00'),
(220, 48, 3, '2023-01-15 07:47:00', '2023-01-15 07:47:00'),
(221, 49, 3, '2023-01-15 07:47:00', '2023-01-15 07:47:00'),
(222, 50, 3, '2023-01-15 07:47:00', '2023-01-15 07:47:00'),
(223, 51, 3, '2023-01-15 07:47:00', '2023-01-15 07:47:00'),
(224, 52, 3, '2023-01-15 07:47:00', '2023-01-15 07:47:00'),
(225, 53, 3, '2023-01-15 07:47:00', '2023-01-15 07:47:00'),
(226, 54, 3, '2023-01-15 07:47:00', '2023-01-15 07:47:00'),
(227, 55, 3, '2023-01-15 07:47:00', '2023-01-15 07:47:00'),
(228, 56, 3, '2023-01-15 07:47:00', '2023-01-15 07:47:00'),
(229, 57, 3, '2023-01-15 07:47:00', '2023-01-15 07:47:00'),
(230, 58, 3, '2023-01-15 07:47:00', '2023-01-15 07:47:00'),
(231, 59, 3, '2023-01-15 07:47:00', '2023-01-15 07:47:00'),
(232, 60, 3, '2023-01-15 07:47:00', '2023-01-15 07:47:00'),
(233, 61, 3, '2023-01-15 07:47:00', '2023-01-15 07:47:00'),
(234, 62, 3, '2023-01-15 07:47:00', '2023-01-15 07:47:00'),
(235, 63, 3, '2023-01-15 07:47:00', '2023-01-15 07:47:00'),
(236, 64, 3, '2023-01-15 07:47:00', '2023-01-15 07:47:00'),
(237, 65, 3, '2023-01-15 07:47:00', '2023-01-15 07:47:00'),
(238, 66, 3, '2023-01-15 07:47:00', '2023-01-15 07:47:00'),
(239, 67, 3, '2023-01-15 07:47:00', '2023-01-15 07:47:00'),
(240, 68, 3, '2023-01-15 07:47:00', '2023-01-15 07:47:00'),
(241, 69, 3, '2023-01-15 07:47:00', '2023-01-15 07:47:00'),
(242, 70, 3, '2023-01-15 07:47:00', '2023-01-15 07:47:00'),
(243, 71, 3, '2023-01-15 07:47:00', '2023-01-15 07:47:00'),
(244, 72, 3, '2023-01-15 07:47:00', '2023-01-15 07:47:00'),
(245, 73, 3, '2023-01-15 07:47:00', '2023-01-15 07:47:00'),
(246, 74, 3, '2023-01-15 07:47:00', '2023-01-15 07:47:00'),
(247, 75, 3, '2023-01-15 07:47:00', '2023-01-15 07:47:00'),
(248, 76, 3, '2023-01-15 07:47:00', '2023-01-15 07:47:00'),
(249, 77, 3, '2023-01-15 07:47:00', '2023-01-15 07:47:00'),
(250, 78, 3, '2023-01-15 07:47:00', '2023-01-15 07:47:00'),
(251, 79, 3, '2023-01-15 07:47:00', '2023-01-15 07:47:00'),
(252, 80, 3, '2023-01-15 07:47:00', '2023-01-15 07:47:00'),
(253, 81, 3, '2023-01-15 07:47:00', '2023-01-15 07:47:00'),
(254, 82, 3, '2023-01-15 07:47:00', '2023-01-15 07:47:00'),
(255, 83, 3, '2023-01-15 07:47:00', '2023-01-15 07:47:00'),
(256, 84, 3, '2023-01-15 07:47:00', '2023-01-15 07:47:00'),
(257, 85, 3, '2023-01-15 07:47:00', '2023-01-15 07:47:00'),
(258, 86, 3, '2023-01-15 07:47:00', '2023-01-15 07:47:00');

-- --------------------------------------------------------

--
-- Table structure for table `document`
--

CREATE TABLE `document` (
  `id_document` int(11) NOT NULL,
  `name` varchar(200) NOT NULL,
  `enable` tinyint(1) NOT NULL
) ENGINE=InnoDB DEFAULT CHARSET=utf8mb4 COLLATE=utf8mb4_unicode_ci;

--
-- Dumping data for table `document`
--

INSERT INTO `document` (`id_document`, `name`, `enable`) VALUES
(107, 'connection string - Copy.pdf', 1),
(111, 'queryview - Copy.pdf', 0),
(112, 'education_course.sql', 1),
(113, 'الموظفين.pdf', 1);

-- --------------------------------------------------------

--
-- Table structure for table `documents_course`
--

CREATE TABLE `documents_course` (
  `id` int(11) NOT NULL,
  `id_document` int(11) NOT NULL,
  `id_course` int(11) NOT NULL
) ENGINE=InnoDB DEFAULT CHARSET=utf8mb4 COLLATE=utf8mb4_unicode_ci;

--
-- Dumping data for table `documents_course`
--

INSERT INTO `documents_course` (`id`, `id_document`, `id_course`) VALUES
(28, 112, 75),
(29, 113, 75);

-- --------------------------------------------------------

--
-- Table structure for table `employee`
--

CREATE TABLE `employee` (
  `id_employee` int(11) NOT NULL,
  `id_user` int(11) DEFAULT NULL,
  `military_number` int(11) NOT NULL,
  `id_ranks_categories` int(11) NOT NULL,
  `id_rank` int(11) NOT NULL,
  `name_ar` varchar(255) DEFAULT NULL,
  `name_en` varchar(250) NOT NULL,
  `id_gender` int(11) NOT NULL,
  `id_unit` int(11) DEFAULT NULL,
  `id_department` int(11) NOT NULL,
  `id_nationality` int(11) NOT NULL,
  `date_birth` date NOT NULL,
  `date_enlistment` date NOT NULL,
  `last_promotion` date DEFAULT NULL,
  `next_upgrade` date NOT NULL,
  `qualification` varchar(100) DEFAULT NULL,
  `specialization` varchar(100) DEFAULT NULL,
  `current_position` varchar(100) DEFAULT NULL,
  `current_contract_expired` date DEFAULT NULL,
  `image` varchar(250) NOT NULL,
  `service_statement_file` varchar(255) DEFAULT NULL,
  `medical_exam_file` varchar(255) DEFAULT NULL,
  `medical_exam_date` date DEFAULT NULL,
  `id_signature` int(11) DEFAULT NULL
) ENGINE=InnoDB DEFAULT CHARSET=utf8mb4 COLLATE=utf8mb4_unicode_ci;

--
-- Dumping data for table `employee`
--

INSERT INTO `employee` (`id_employee`, `id_user`, `military_number`, `id_ranks_categories`, `id_rank`, `name_ar`, `name_en`, `id_gender`, `id_unit`, `id_department`, `id_nationality`, `date_birth`, `date_enlistment`, `last_promotion`, `next_upgrade`, `qualification`, `specialization`, `current_position`, `current_contract_expired`, `image`, `service_statement_file`, `medical_exam_file`, `medical_exam_date`, `id_signature`) VALUES
(1, 42, 114142, 2, 74, 'محمد نصير ناصر الهنائي', 'Mohammed Naseer Nasser Al Hinai', 1, 1, 48, 128, '2024-10-01', '2024-10-18', '2024-11-09', '2024-12-27', 'بكالوريوس ', 'تطبيقات', 'برمجة', '2024-11-15', 'th (1).jpg', 'connection string.pdf', 'connection string.pdf', '2025-08-09', 25),
(88, NULL, 55555, 1, 29, 'عبدالعزيز الثمنة ', 'Abdelaziz Al_thomnah ', 1, 1, 48, 137, '2025-09-04', '2025-09-26', '2025-10-04', '2025-11-13', 'دكتوراه', 'تقنية المعلومات ', 'قائد الجناح', '2025-12-26', 'th (1).jpg', NULL, NULL, '0000-00-00', 24);

--
-- Triggers `employee`
--
DELIMITER $$
CREATE TRIGGER `after_employee_signature_update` AFTER UPDATE ON `employee` FOR EACH ROW BEGIN
    IF NEW.id_signature IS NOT NULL AND NEW.id_signature != OLD.id_signature THEN
        UPDATE users 
        SET id_signature = NEW.id_signature 
        WHERE military_number = NEW.military_number;
    END IF;
END
$$
DELIMITER ;
DELIMITER $$
CREATE TRIGGER `sync_signature_after_employee_insert` AFTER INSERT ON `employee` FOR EACH ROW BEGIN
    IF NEW.id_signature IS NOT NULL THEN
        UPDATE users 
        SET id_signature = NEW.id_signature 
        WHERE military_number = NEW.military_number;
    END IF;
END
$$
DELIMITER ;

-- --------------------------------------------------------

--
-- Table structure for table `employee_signatures`
--

CREATE TABLE `employee_signatures` (
  `id` int(11) NOT NULL,
  `military_number` int(11) NOT NULL,
  `signature_image` longtext NOT NULL,
  `upload_date` timestamp NOT NULL DEFAULT current_timestamp(),
  `update_date` datetime DEFAULT current_timestamp() ON UPDATE current_timestamp()
) ENGINE=InnoDB DEFAULT CHARSET=utf8mb4 COLLATE=utf8mb4_unicode_ci;

--
-- Dumping data for table `employee_signatures`
--

INSERT INTO `employee_signatures` (`id`, `military_number`, `signature_image`, `upload_date`, `update_date`) VALUES
(24, 55555, 'download.jpg', '2025-09-16 06:39:22', '2025-09-16 09:39:22'),
(25, 114142, 'images.jpg', '2025-09-16 06:45:32', '2025-09-16 09:45:32'),
(43, 606060, 'images.jpg', '2025-09-16 09:02:21', '2025-09-16 12:02:21'),
(44, 101010, 'download.jpg', '2025-09-16 09:47:15', '2025-09-16 12:47:15'),
(45, 808080, 'images.jpg', '2025-09-16 09:49:33', '2025-09-16 12:49:33');

--
-- Triggers `employee_signatures`
--
DELIMITER $$
CREATE TRIGGER `after_signature_update` AFTER INSERT ON `employee_signatures` FOR EACH ROW BEGIN
    -- تحديث جدول الموظفين
    UPDATE employee 
    SET id_signature = NEW.id 
    WHERE military_number = NEW.military_number;
    
    -- تحديث جدول المستخدمين
    UPDATE users 
    SET id_signature = NEW.id 
    WHERE military_number = NEW.military_number;
END
$$
DELIMITER ;

-- --------------------------------------------------------

--
-- Table structure for table `equivalency_certificates`
--

CREATE TABLE `equivalency_certificates` (
  `id` int(11) NOT NULL,
  `military_number` int(11) NOT NULL,
  `id_rank` varchar(100) NOT NULL,
  `name_ar` varchar(50) NOT NULL,
  `name_en` varchar(50) NOT NULL,
  `id_unit` varchar(100) NOT NULL,
  `current_position` varchar(50) NOT NULL,
  `id_course` varchar(100) NOT NULL,
  `start_date` date NOT NULL,
  `end_date` date NOT NULL,
  `id_location` varchar(100) NOT NULL,
  `equating_course` varchar(100) NOT NULL,
  `purpose_equation` varchar(100) NOT NULL,
  `attachment` varchar(250) NOT NULL,
  `status` enum('accepted','rejected') DEFAULT NULL
) ENGINE=InnoDB DEFAULT CHARSET=utf8mb4 COLLATE=utf8mb4_unicode_ci;

--
-- Dumping data for table `equivalency_certificates`
--

INSERT INTO `equivalency_certificates` (`id`, `military_number`, `id_rank`, `name_ar`, `name_en`, `id_unit`, `current_position`, `id_course`, `start_date`, `end_date`, `id_location`, `equating_course`, `purpose_equation`, `attachment`, `status`) VALUES
(99, 114142, 'وكيل ثانى', 'محمد نصير ناصر الهنائي', 'Mohammed Naseer Nasser Al Hinai', 'القوات الجوية الأميرية القطرية', 'برمجة', '71', '2025-02-28', '2025-04-05', 'قطر', 'الهندسة المعمارية', 'تنسيبه لدورة,المهنة', 'attachments/connection string.pdf', 'accepted'),
(100, 114148, 'السابعة', 'هلال بن علي بن هلال العبري', 'halal Ali halal Al Abri ', 'القوات الجوية الأميرية القطرية', 'اداري', '72', '2025-03-13', '2025-03-28', 'عمان', 'البرمجة المتقدمة	', 'العلاوة,تنسيبه لدورة', 'attachments/الخطة المستقبلية لتأهيل الضباط.pdf', 'rejected'),
(123, 114142, 'وكيل ثانى', 'محمد نصير ناصر الهنائي', 'Mohammed Naseer Nasser Al Hinai', 'القوات الجوية الأميرية القطرية', 'برمجة', '73', '2025-06-05', '2025-07-05', 'قطر', 'الهندسة ', 'الترقية,العلاوة', 'attachments/connection string.pdf,attachments/vbZ03.gif', NULL);

-- --------------------------------------------------------

--
-- Table structure for table `genders`
--

CREATE TABLE `genders` (
  `id_gender` int(10) UNSIGNED NOT NULL,
  `name_en` varchar(255) NOT NULL,
  `name_ar` varchar(255) NOT NULL,
  `created_at` timestamp NULL DEFAULT NULL,
  `updated_at` timestamp NULL DEFAULT NULL
) ENGINE=InnoDB DEFAULT CHARSET=utf8mb4 COLLATE=utf8mb4_unicode_ci;

--
-- Dumping data for table `genders`
--

INSERT INTO `genders` (`id_gender`, `name_en`, `name_ar`, `created_at`, `updated_at`) VALUES
(1, 'Male', 'ذكر', '2023-11-08 09:06:27', '2023-11-08 09:06:27'),
(2, 'Female', 'أنثى', '2023-11-08 09:06:27', '2023-11-08 09:06:27');

-- --------------------------------------------------------

--
-- Table structure for table `location`
--

CREATE TABLE `location` (
  `id_location` int(11) NOT NULL,
  `name_ar` varchar(100) NOT NULL,
  `name_en` varchar(100) NOT NULL
) ENGINE=InnoDB DEFAULT CHARSET=utf8mb4 COLLATE=utf8mb4_unicode_ci;

--
-- Dumping data for table `location`
--

INSERT INTO `location` (`id_location`, `name_ar`, `name_en`) VALUES
(1, 'البحرين', 'Bahrain'),
(2, 'عمان', 'Oman'),
(3, 'قطر', 'Qatar'),
(4, 'السعودية', 'KSA'),
(5, 'الإمارات', 'UAE'),
(6, 'الكويت', 'Kuwait'),
(7, 'مصر', 'Egypt'),
(8, 'سوريا', 'Syria'),
(9, 'لبنان', 'Lebanon'),
(10, 'ليبيا', 'Libiya'),
(11, 'مغرب', 'Morroco'),
(12, 'صومال', 'Somalia'),
(13, 'الجزائر', 'Algeria'),
(14, 'تونس', 'Tunisia'),
(15, 'موريطانيا', 'Muritania'),
(16, 'السودان', 'Sudan'),
(17, 'جيبوتي', 'Djibouti'),
(18, 'الاردن', 'Jordan'),
(19, 'فلسطين', 'Palestine'),
(20, 'اليمن', 'Yemen'),
(21, 'العراق', 'Irak'),
(22, 'أثيوبيا', 'Ethiopia'),
(23, 'أسبانيا', 'Spain'),
(24, 'استرالسا', 'Australia'),
(25, 'افغانستان', 'Afghanistan'),
(26, 'سوفيت', 'سوفيتــ'),
(27, 'اورجو', 'اورجــو'),
(28, 'اكوادور', 'اكـوادور'),
(29, 'البان', 'البــان'),
(30, 'برازيل', 'بـــرازيلــ'),
(31, 'برتغال', 'بـــرتغـالـ'),
(32, 'الجابون', 'الجـــابــون'),
(33, 'دنمارك', 'دنماركـ'),
(34, 'السلفادور', 'السلفـــادور'),
(35, 'السنغال', 'السنغـال'),
(36, 'سويد', 'ســـويد'),
(37, 'فلبين', 'Philippines'),
(38, 'الكونغو', 'الكـــونغــو'),
(39, 'المان', 'Germany'),
(40, 'مكسيك', 'مـكسيكـ'),
(41, 'بريطان', 'UK'),
(42, 'نرويج', 'نـــرويجـــ'),
(43, 'نمساو', 'Hongaria'),
(44, 'النيجر', 'Niger'),
(45, 'هند', 'India'),
(46, 'امريكا', 'USA'),
(47, 'يابان', 'Japan'),
(48, 'يونان', 'Greece'),
(49, 'انجول', 'Angola'),
(50, 'انجويل', 'انـجـــويلـ'),
(51, 'اندونيسا', 'اندونيس'),
(52, 'انمرسات', 'انمـــرســاتـــ'),
(53, 'اوغندا', 'اوغـنـد'),
(54, 'ايرلند', 'ايرلنـد'),
(55, 'ايران', 'ايـرانـ'),
(56, 'ايسلند', 'ايـسـلنـــد'),
(57, 'ايطال', 'ايـطـال'),
(58, 'بابو غنيا الجديدة', 'بابو غنيا الجديـــدة'),
(59, 'باراجوا', 'باراجوا'),
(60, 'باكستان', 'Pakistan'),
(61, 'بالو', 'بـــالـو'),
(62, 'بربادوس', 'بربـادوس'),
(63, 'برمودا', 'بـــرمـــودا'),
(64, 'برون', 'بـــرون'),
(65, 'بلجيك', 'Belgium'),
(66, 'بلغاريا', 'Bulgaria'),
(67, 'بليز', 'بـــليـز'),
(68, 'بنغال', 'بنغالــ'),
(69, 'بنين', 'بـنيـــن'),
(70, 'بهاما', 'بــهـــامــا'),
(71, 'بوتان', 'بــوتـان'),
(72, 'بوتسوانا', 'بــوتسوانــا'),
(73, 'بورتوريكو', 'بــورتــوريكـــو'),
(74, 'بوركينافاسو', 'بوركينافاسـو'),
(75, 'بوروند', 'بورونـد'),
(76, 'بورما', 'بورمـــا'),
(77, 'بولند', 'بولنــد'),
(78, 'بوليفيا', 'بوليفيـا'),
(79, 'تاهيت', 'تاهيتــ'),
(80, 'بيرو', 'بـيـــرو'),
(81, 'تايلند', 'Thailand'),
(82, 'تايوان', 'تـــايـوانـ'),
(83, 'ترك', 'تـــركـ'),
(84, 'ترينداد وتوباجو', 'ترينداد وتوباجـو'),
(85, 'تشاد', 'Tchad'),
(86, 'تشكيوسوفاكيا', 'تشكيوسوفاكيا'),
(87, 'تشيل', 'تشيلـــ'),
(88, 'تنزانيا', 'تنزانيـا'),
(89, 'توجو', 'تــوجــو'),
(90, 'توفلا', 'تــوفـلا'),
(91, 'تونجا', 'تــونجـا'),
(92, 'جامايك', 'جــامــايكـ'),
(93, 'جامبيا', 'جــامبيا'),
(94, 'جرينادا', 'جــرينـــادا'),
(95, 'جرنيلاند', 'جــرنيلانــد'),
(96, 'جزر القمر', 'جــزر القمـر'),
(97, 'افريقيا الوسط', 'افريقيا الوسطــ'),
(98, 'الدومينكان', 'Dominican Republic'),
(99, 'غينيا', 'غينيـــا'),
(100, 'رواندا', 'روانــدا'),
(101, 'رومانيا', 'رومانيـا'),
(102, 'زائير', 'زائيـــر'),
(103, 'زامبيا', 'زامبيــا'),
(104, 'زيمبابو', 'زيمبابو'),
(105, 'ساحل العاج', 'ساحــل العاج'),
(106, 'سنغافور', 'Singapure'),
(107, 'سويسرا', 'Switzerland'),
(108, 'سيراليون', 'سيـــراليـون'),
(109, 'سيرالنك', 'سيـــرالنكـ'),
(110, 'سيشل', 'سـيـشــل'),
(111, 'غانا', 'Ghana'),
(112, 'غيانا', 'غيانـــا'),
(113, 'فانتو', 'فـانتــو'),
(114, 'فرنسا', 'France'),
(115, 'فنزويلا', 'فنزويـلا'),
(116, 'فنلندا', 'finland'),
(117, 'فيتنام', 'فيتنــام'),
(118, 'فيج', 'فيج'),
(119, 'قبرص', 'قبرص'),
(120, 'كاميرون', 'كاميـرون'),
(121, 'كلوونيا الجديدة', 'كلوونيــا الجديـــدة'),
(122, 'كمبوديا', 'كمبـوديا'),
(123, 'كندا', 'كندا'),
(124, 'كوبا', 'كــوبــا'),
(125, 'كوريا الجنوبية', 'كوريا الجنوبيــة'),
(126, 'كوريا الشمالية', 'كوريا الشماليــة'),
(127, 'كوستاريكا', 'كوستاريكـــا'),
(128, 'كولومبيا', 'كولومبيا'),
(129, 'كينيا', 'كينيـــا'),
(130, 'لاوس', 'لاوس'),
(131, 'ليبيريا', 'ليبيريـا'),
(132, 'مالديف', 'مالديــف'),
(133, 'مالطا', 'مالطـــا'),
(134, 'مال', 'مال'),
(135, 'ماليزيا', 'ماليزيـا'),
(136, 'مدغشقر', 'مدغشقــر'),
(137, 'ملاو', 'مـــلاو'),
(138, 'منغوليا', 'منغـــوليــا'),
(139, 'مورتيانيا', 'مـورتيانيــا'),
(140, 'موريشيوس', 'مـوريشيـــوس'),
(141, 'موزامبيق', 'مـوزامبيـــق'),
(142, 'موناكو', 'مـوناكـو'),
(143, 'مونتسيرات', 'مـونتسيــرات'),
(144, 'ميكرونيسيا', 'ميكـــرونيسيـــا'),
(145, 'ناميبيا', 'نـاميبيا'),
(146, 'ناورو', 'نـــاورو'),
(147, 'نبيال', 'نبيـــال'),
(148, 'نيجريا', 'نيجــريا'),
(149, 'نيكراجوا', 'نيكراجوا'),
(150, 'نيوزيلنده', 'نيـوزيلنــده'),
(151, 'هندروس', 'هنــدروس'),
(152, 'هنغاريا', 'هنغــاريـــا'),
(153, 'هولندا', 'هولنــدا'),
(154, 'واليس وفوتونا', 'واليس وفوتونـــا'),
(155, 'يوغسلافيا', 'يوغسلافيـــا'),
(156, 'ماكاو', 'ماكـــاو'),
(157, 'ريونيون', 'ريـونيون'),
(158, 'لشتنشتين', 'لشتنشتين'),
(159, 'غيانا الفرنسية', 'French Guyane'),
(160, 'غينيا الاستوائية', 'غينيا الاستوائية'),
(161, 'غينيا بيساو', 'غينيا بيسـاو'),
(162, 'دييجوجارسيا', 'دييجوجارسيـا'),
(163, 'ساموا الغربية', 'ساموا الغربيـــة'),
(164, 'سان مارنيو', 'ســـان مارنيـــو'),
(165, 'ساوتام وبرنسبية', 'ساوتام وبرنسبية'),
(166, 'سنت بير وميقيولون', 'سنت بير وميقيولــون'),
(167, 'سنت فينسنت', 'سنت فينسنــت'),
(168, 'سنت كيت ونينس', 'سنت كيت ونينسـ'),
(169, 'سنت لوسيا', 'سنت لوسيـــا'),
(170, 'سوازيلاند', 'سوازيـــلاند'),
(171, 'سور ينام', 'ســور ينــام'),
(172, 'كيربات', 'كيرباتـ'),
(173, 'لوكسمبورج', 'لوكسمبـــورج'),
(174, 'ليسوتو', 'ليسوتــو'),
(175, 'مارتينيك', 'مارتينيك'),
(176, 'ماديرا', 'ماديــرا'),
(177, 'صين', 'صين'),
(178, 'بدون جنسية', 'بـدون جنسيـة'),
(179, 'قطر / وثيقة', 'قطر / وثيقة'),
(180, 'كرواتيا', 'كراتي'),
(181, 'أكرانيا', 'Ukraine'),
(182, 'Select Nationality', 'Select Nationality');

-- --------------------------------------------------------

--
-- Table structure for table `nationalities`
--

CREATE TABLE `nationalities` (
  `id_nationality` int(11) NOT NULL,
  `name_ar` varchar(255) NOT NULL,
  `name_en` varchar(255) NOT NULL
) ENGINE=InnoDB DEFAULT CHARSET=utf8mb4 COLLATE=utf8mb4_unicode_ci;

--
-- Dumping data for table `nationalities`
--

INSERT INTO `nationalities` (`id_nationality`, `name_ar`, `name_en`) VALUES
(1, 'أفغاني', 'Afghan'),
(2, 'ألباني', 'Albanian'),
(3, 'جزائري', 'Algerian'),
(4, 'أمريكي', 'American'),
(5, 'أندوري', 'Andorran'),
(6, 'أنغولي', 'Angolan'),
(7, 'أنتيغوا وبربودا', 'Antiguan, Barbudan'),
(8, 'أرجنتيني', 'Argentine'),
(9, 'أرميني', 'Armenian'),
(10, 'أسترالي', 'Australian'),
(11, 'نمساوي', 'Austrian'),
(12, 'أذربيجاني', 'Azerbaijani'),
(13, 'باهامي', 'Bahamian'),
(14, 'بحريني', 'Bahraini'),
(15, 'بنغلاديشي', 'Bangladeshi'),
(16, 'باربادوسي', 'Barbadian'),
(17, 'بيلاروسي', 'Belarusian'),
(18, 'بلجيكي', 'Belgian'),
(19, 'بليزي', 'Belizean'),
(20, 'بنيني', 'Beninese'),
(21, 'بوتاني', 'Bhutanese'),
(22, 'بوليفي', 'Bolivian'),
(23, 'بوسني', 'Bosnian, Herzegovinian'),
(24, 'بوتسواني', 'Botswanan'),
(25, 'برازيلي', 'Brazilian'),
(26, 'بريطاني', 'British'),
(27, 'بروني', 'Bruneian'),
(28, 'بلغاري', 'Bulgarian'),
(29, 'بوركيني', 'Burkinabe'),
(30, 'بوروندي', 'Burundian'),
(31, 'كمبودي', 'Cambodian'),
(32, 'كاميروني', 'Cameroonian'),
(33, 'كندي', 'Canadian'),
(34, 'رأس أخضر', 'Cape Verdean'),
(35, 'أفريقي وسط', 'Central African'),
(36, 'تشادي', 'Chadian'),
(37, 'تشيلي', 'Chilean'),
(38, 'صيني', 'Chinese'),
(39, 'كولومبي', 'Colombian'),
(40, 'جزر القمر', 'Comoran'),
(41, 'كونغولي', 'Congolese'),
(42, 'كوستاريكي', 'Costa Rican'),
(43, 'كرواتي', 'Croatian'),
(44, 'كوبي', 'Cuban'),
(45, 'قبرصي', 'Cypriot'),
(46, 'تشيكي', 'Czech'),
(47, 'دانمركي', 'Danish'),
(48, 'جيبوتي', 'Djibouti'),
(49, 'دومينيكي', 'Dominican'),
(50, 'هولندي', 'Dutch'),
(51, 'تيموري شرقي', 'East Timorese'),
(52, 'إكوادوري', 'Ecuadorean'),
(53, 'مصري', 'Egyptian'),
(54, 'إماراتي', 'Emirian'),
(55, 'إنجليزي', 'English'),
(56, 'إستوني', 'Estonian'),
(57, 'إثيوبي', 'Ethiopian'),
(58, 'فيجي', 'Fijian'),
(59, 'فلبيني', 'Filipino'),
(60, 'فنلندي', 'Finnish'),
(61, 'فرنسي', 'French'),
(62, 'غابوني', 'Gabonese'),
(63, 'غامبي', 'Gambian'),
(64, 'جورجي', 'Georgian'),
(65, 'ألماني', 'German'),
(66, 'غاني', 'Ghanaian'),
(67, 'يوناني', 'Greek'),
(68, 'غرينادي', 'Grenadian'),
(69, 'غواتيمالي', 'Guatemalan'),
(70, 'غيني بيساو', 'Guinea-Bissauan'),
(71, 'غيني', 'Guinean'),
(72, 'غوياني', 'Guyanese'),
(73, 'هايتي', 'Haitian'),
(74, 'هندوراسي', 'Honduran'),
(75, 'هنغاري', 'Hungarian'),
(76, 'آيسلندي', 'Icelander'),
(77, 'هندي', 'Indian'),
(78, 'إندونيسي', 'Indonesian'),
(79, 'إيراني', 'Iranian'),
(80, 'عراقي', 'Iraqi'),
(81, 'أيرلندي', 'Irish'),
(83, 'إيطالي', 'Italian'),
(84, 'إيفواري', 'Ivorian'),
(85, 'جامايكي', 'Jamaican'),
(86, 'ياباني', 'Japanese'),
(87, 'أردني', 'Jordanian'),
(88, 'كازاخستاني', 'Kazakhstani'),
(89, 'كيني', 'Kenyan'),
(90, 'كوري شمالي', 'Korean, North'),
(91, 'كوري جنوبي', 'Korean, South'),
(92, 'كويتي', 'Kuwaiti'),
(93, 'قيرغيزي', 'Kyrgyz'),
(94, 'لاوسي', 'Laotian'),
(95, 'لاتفي', 'Latvian'),
(96, 'لبناني', 'Lebanese'),
(97, 'ليبيري', 'Liberian'),
(98, 'ليبي', 'Libyan'),
(99, 'ليختنشتايني', 'Liechtensteiner'),
(100, 'ليتواني', 'Lithuanian'),
(101, 'لوكسمبورغي', 'Luxembourger'),
(102, 'مقدوني', 'Macedonian'),
(103, 'مدغشقري', 'Malagasy'),
(104, 'مالاوي', 'Malawian'),
(105, 'ماليزي', 'Malaysian'),
(106, 'مالديفي', 'Maldivian'),
(107, 'مالي', 'Malian'),
(108, 'مالطي', 'Maltese'),
(109, 'مارشالي', 'Marshallese'),
(110, 'موريتاني', 'Mauritanian'),
(111, 'موريشيوسي', 'Mauritian'),
(112, 'مكسيكي', 'Mexican'),
(113, 'ميكرونيزي', 'Micronesian'),
(114, 'مولدوفي', 'Moldovan'),
(115, 'موناكو', 'Monacan'),
(116, 'منغولي', 'Mongolian'),
(117, 'مغربي', 'Moroccan'),
(118, 'موزمبيقي', 'Mozambican'),
(119, 'بورمي', 'Burmese'),
(120, 'ناميبي', 'Namibian'),
(121, 'ناوروي', 'Nauruan'),
(122, 'نيبالي', 'Nepalese'),
(123, 'نيوزيلندي', 'New Zealander'),
(124, 'نيكاراغوي', 'Nicaraguan'),
(125, 'نيجيري', 'Nigerian'),
(126, 'نيجيري', 'Nigerien'),
(127, 'نرويجي', 'Norwegian'),
(128, 'عماني', 'Omani'),
(129, 'باكستاني', 'Pakistani'),
(130, 'بالاوي', 'Palauan'),
(131, 'بنمي', 'Panamanian'),
(132, 'بابوا غينيا الجديدة', 'Papua New Guinean'),
(133, 'باراغواي', 'Paraguayan'),
(134, 'بيروي', 'Peruvian'),
(135, 'بولندي', 'Polish'),
(136, 'برتغالي', 'Portuguese'),
(137, 'قطري', 'Qatari'),
(138, 'روماني', 'Romanian'),
(139, 'روسي', 'Russian'),
(140, 'رواندي', 'Rwandan'),
(141, 'سانت لوسيا', 'Saint Lucian'),
(142, 'سلفادوري', 'Salvadoran'),
(143, 'ساموا', 'Samoan'),
(144, 'سان مارينو', 'San Marinese'),
(145, 'ساو تومي وبرينسيبي', 'Sao Tomean'),
(146, 'سعودي', 'Saudi'),
(147, 'اسكتلندي', 'Scottish'),
(148, 'سنغالي', 'Senegalese'),
(149, 'صربي', 'Serbian'),
(150, 'سيشلي', 'Seychellois'),
(151, 'سيراليوني', 'Sierra Leonean'),
(152, 'سنغافوري', 'Singaporean'),
(153, 'سلوفاكي', 'Slovak'),
(154, 'سلوفيني', 'Slovenian'),
(155, 'جزر سليمان', 'Solomon Islander'),
(156, 'صومالي', 'Somali'),
(157, 'جنوب أفريقي', 'South African'),
(158, 'إسباني', 'Spanish'),
(159, 'سريلانكي', 'Sri Lankan'),
(160, 'سوداني', 'Sudanese'),
(161, 'سورينامي', 'Surinamer'),
(162, 'سوازي', 'Swazi'),
(163, 'سويدي', 'Swedish'),
(164, 'سويسري', 'Swiss'),
(165, 'سوري', 'Syrian'),
(166, 'تايواني', 'Taiwanese'),
(167, 'طاجيكستاني', 'Tajik'),
(168, 'تنزاني', 'Tanzanian'),
(169, 'تايلاندي', 'Thai'),
(170, 'توغوي', 'Togolese'),
(171, 'تونغا', 'Tongan'),
(172, 'ترينيداد وتوباغو', 'Trinidadian, Tobagonian'),
(173, 'تونسي', 'Tunisian'),
(174, 'تركي', 'Turkish'),
(175, 'تركمانستاني', 'Turkmen'),
(176, 'توفالو', 'Tuvaluan'),
(177, 'أوغندي', 'Ugandan'),
(178, 'أوكراني', 'Ukrainian'),
(179, 'أوروغواي', 'Uruguayan'),
(180, 'أوزبكي', 'Uzbekistani'),
(181, 'فانواتو', 'Vanuatuan'),
(182, 'فنزويلي', 'Venezuelan'),
(183, 'فيتنامي', 'Vietnamese'),
(184, 'ويلزي', 'Welsh'),
(185, 'يمني', 'Yemenite'),
(186, 'زامبي', 'Zambian'),
(187, 'زيمبابوي', 'Zimbabwean'),
(188, 'فلسطيني', 'Palestinian'),
(189, 'صحراوي', 'Sahrawi'),
(190, 'تايواني', 'Taiwanese'),
(191, 'كوسوفي', 'Kosovar'),
(192, 'أبخازي', 'Abkhazian'),
(193, 'أوسيتي جنوبي', 'South Ossetian'),
(194, 'قبرصي شمالي', 'Northern Cypriot'),
(195, 'ترانسنيستري', 'Transnistrian'),
(196, 'صوماليلاندي', 'Somalilander'),
(197, 'تبتي', 'Tibetan'),
(198, 'كردي', 'Kurdish'),
(199, 'كاتالاني', 'Catalan'),
(200, 'باسكي', 'Basque'),
(201, 'غاليسي', 'Galician'),
(202, 'فاروي', 'Faroese'),
(203, 'غرينلاندي', 'Greenlandic'),
(204, 'بورتوريكي', 'Puerto Rican'),
(205, 'جزر العذراء الأمريكية', 'Virgin Islander (American)'),
(206, 'جزر العذراء البريطانية', 'Virgin Islander (British)'),
(207, 'جزر كايمان', 'Caymanian'),
(208, 'جزر كوك', 'Cook Islander'),
(209, 'جزر فوكلاند', 'Falkland Islander'),
(210, 'جبل طارق', 'Gibraltarian'),
(211, 'غوام', 'Guamanian'),
(212, 'هونغ كونغ', 'Hong Kongese'),
(213, 'ماكاوي', 'Macanese'),
(214, 'جزر ماريانا الشمالية', 'Northern Mariana Islander'),
(215, 'نيووي', 'Niuean'),
(216, 'جزيرة نورفولك', 'Norfolk Islander'),
(217, 'جزر بيتكيرن', 'Pitcairn Islander'),
(218, 'سانت هيلينا', 'Saint Helenian'),
(219, 'توكيلاو', 'Tokelauan'),
(220, 'جزر توركس وكايكوس', 'Turks and Caicos Islander'),
(221, 'ساموا الأمريكية', 'American Samoan'),
(222, 'واليس وفوتونا', 'Wallis and Futuna Islander'),
(229, 'عراقي', 'Iraqi');

-- --------------------------------------------------------

--
-- Table structure for table `officer_plan`
--

CREATE TABLE `officer_plan` (
  `id_employee` int(11) NOT NULL,
  `military_number` varchar(50) NOT NULL,
  `rank_name` varchar(50) NOT NULL,
  `name_ar` varchar(100) NOT NULL,
  `department_name` varchar(200) NOT NULL,
  `last_promotion` date NOT NULL,
  `next_upgrade` date NOT NULL
) ENGINE=InnoDB DEFAULT CHARSET=utf8mb4 COLLATE=utf8mb4_unicode_ci;

--
-- Dumping data for table `officer_plan`
--

INSERT INTO `officer_plan` (`id_employee`, `military_number`, `rank_name`, `name_ar`, `department_name`, `last_promotion`, `next_upgrade`) VALUES
(72, '114142', 'وكيل ثانى', 'محمد نصير ناصر الهنائي', 'جناح الاتصالات ونظم المعلومات المركزي(CISC)', '2024-11-09', '2024-12-27'),
(73, '114142', 'وكيل ثانى', 'محمد نصير ناصر الهنائي', 'جناح الاتصالات ونظم المعلومات المركزي(CISC)', '2024-11-09', '2024-12-27');

-- --------------------------------------------------------

--
-- Table structure for table `password_reset_tokens`
--

CREATE TABLE `password_reset_tokens` (
  `email` varchar(255) NOT NULL,
  `token` varchar(255) NOT NULL,
  `created_at` timestamp NULL DEFAULT NULL
) ENGINE=InnoDB DEFAULT CHARSET=utf8mb4 COLLATE=utf8mb4_unicode_ci;

-- --------------------------------------------------------

--
-- Table structure for table `permissions`
--

CREATE TABLE `permissions` (
  `id` int(11) NOT NULL,
  `id_role` int(11) NOT NULL,
  `page` varchar(255) NOT NULL,
  `can_access` tinyint(1) NOT NULL,
  `can_edit` tinyint(1) DEFAULT 0,
  `can_delete` tinyint(1) DEFAULT 0,
  `can_add` tinyint(1) DEFAULT 0,
  `created_at` timestamp NOT NULL DEFAULT current_timestamp(),
  `updated_at` timestamp NOT NULL DEFAULT current_timestamp() ON UPDATE current_timestamp()
) ENGINE=InnoDB DEFAULT CHARSET=utf8mb4 COLLATE=utf8mb4_unicode_ci;

--
-- Dumping data for table `permissions`
--

INSERT INTO `permissions` (`id`, `id_role`, `page`, `can_access`, `can_edit`, `can_delete`, `can_add`, `created_at`, `updated_at`) VALUES
(2308, 1, 'attendance.php', 1, 1, 1, 1, '2025-08-07 07:42:21', '2025-08-27 08:00:18'),
(2309, 2, 'attendance.php', 0, 0, 0, 0, '2025-08-07 07:42:21', '2025-08-07 07:42:21'),
(2310, 3, 'attendance.php', 0, 0, 0, 0, '2025-08-07 07:42:21', '2025-08-07 07:42:21'),
(2311, 4, 'attendance.php', 0, 0, 0, 0, '2025-08-07 07:42:21', '2025-08-07 07:42:21'),
(2312, 20, 'attendance.php', 0, 0, 0, 0, '2025-08-07 07:42:21', '2025-08-07 07:42:21'),
(2313, 21, 'attendance.php', 0, 0, 0, 0, '2025-08-07 07:42:21', '2025-08-07 07:42:21'),
(2314, 22, 'attendance.php', 0, 0, 0, 0, '2025-08-07 07:42:21', '2025-08-07 07:42:21'),
(2315, 23, 'attendance.php', 0, 0, 0, 0, '2025-08-07 07:42:21', '2025-08-07 07:42:21'),
(2316, 24, 'attendance.php', 0, 0, 0, 0, '2025-08-07 07:42:21', '2025-08-07 07:42:21'),
(2317, 25, 'attendance.php', 0, 0, 0, 0, '2025-08-07 07:42:21', '2025-08-07 07:42:21'),
(2318, 26, 'attendance.php', 0, 0, 0, 0, '2025-08-07 07:42:21', '2025-08-07 07:42:21'),
(2319, 1, 'course_decision_details.php', 1, 1, 1, 1, '2025-08-07 07:42:52', '2025-08-27 08:00:18'),
(2320, 2, 'course_decision_details.php', 0, 0, 0, 0, '2025-08-07 07:42:52', '2025-08-07 07:42:52'),
(2321, 3, 'course_decision_details.php', 0, 0, 0, 0, '2025-08-07 07:42:52', '2025-08-07 07:42:52'),
(2322, 4, 'course_decision_details.php', 0, 0, 0, 0, '2025-08-07 07:42:52', '2025-08-07 07:42:52'),
(2323, 20, 'course_decision_details.php', 1, 1, 1, 1, '2025-08-07 07:42:52', '2025-08-27 08:00:18'),
(2324, 21, 'course_decision_details.php', 1, 1, 1, 1, '2025-08-07 07:42:52', '2025-08-27 08:00:18'),
(2325, 22, 'course_decision_details.php', 0, 0, 0, 0, '2025-08-07 07:42:52', '2025-08-12 08:29:01'),
(2326, 23, 'course_decision_details.php', 1, 1, 1, 1, '2025-08-07 07:42:52', '2025-08-27 08:00:18'),
(2327, 24, 'course_decision_details.php', 0, 0, 0, 0, '2025-08-07 07:42:52', '2025-08-07 07:42:52'),
(2328, 25, 'course_decision_details.php', 1, 1, 1, 1, '2025-08-07 07:42:52', '2025-08-27 08:00:18'),
(2329, 26, 'course_decision_details.php', 1, 1, 1, 1, '2025-08-07 07:42:52', '2025-08-27 08:00:18'),
(2330, 1, 'course_documents.php', 1, 1, 1, 1, '2025-08-07 07:43:04', '2025-08-27 08:00:18'),
(2331, 2, 'course_documents.php', 0, 0, 0, 0, '2025-08-07 07:43:04', '2025-08-07 07:43:04'),
(2332, 3, 'course_documents.php', 0, 0, 0, 0, '2025-08-07 07:43:04', '2025-08-07 07:43:04'),
(2333, 4, 'course_documents.php', 0, 0, 0, 0, '2025-08-07 07:43:04', '2025-08-07 07:43:04'),
(2334, 20, 'course_documents.php', 0, 0, 0, 0, '2025-08-07 07:43:04', '2025-08-07 07:43:04'),
(2335, 21, 'course_documents.php', 0, 0, 0, 0, '2025-08-07 07:43:04', '2025-08-07 07:43:04'),
(2336, 22, 'course_documents.php', 0, 0, 0, 0, '2025-08-07 07:43:04', '2025-08-07 07:43:04'),
(2337, 23, 'course_documents.php', 1, 1, 1, 1, '2025-08-07 07:43:04', '2025-08-27 08:00:18'),
(2338, 24, 'course_documents.php', 0, 0, 0, 0, '2025-08-07 07:43:04', '2025-08-07 07:43:04'),
(2339, 25, 'course_documents.php', 0, 0, 0, 0, '2025-08-07 07:43:04', '2025-08-07 07:43:04'),
(2340, 26, 'course_documents.php', 0, 0, 0, 0, '2025-08-07 07:43:04', '2025-08-07 07:43:04'),
(2341, 1, 'course.php', 1, 1, 1, 1, '2025-08-07 07:43:16', '2025-08-27 08:00:18'),
(2342, 2, 'course.php', 0, 0, 0, 0, '2025-08-07 07:43:16', '2025-08-07 07:43:16'),
(2343, 3, 'course.php', 0, 0, 0, 0, '2025-08-07 07:43:16', '2025-08-07 07:43:16'),
(2344, 4, 'course.php', 0, 0, 0, 0, '2025-08-07 07:43:16', '2025-08-07 07:43:16'),
(2345, 20, 'course.php', 0, 0, 0, 0, '2025-08-07 07:43:16', '2025-08-07 07:43:16'),
(2346, 21, 'course.php', 0, 0, 0, 0, '2025-08-07 07:43:16', '2025-08-07 07:43:16'),
(2347, 22, 'course.php', 0, 0, 0, 0, '2025-08-07 07:43:16', '2025-08-07 07:43:16'),
(2348, 23, 'course.php', 1, 1, 1, 1, '2025-08-07 07:43:16', '2025-08-27 08:00:18'),
(2349, 24, 'course.php', 0, 0, 0, 0, '2025-08-07 07:43:16', '2025-08-07 07:43:16'),
(2350, 25, 'course.php', 0, 0, 0, 0, '2025-08-07 07:43:16', '2025-08-07 07:43:16'),
(2351, 26, 'course.php', 0, 0, 0, 0, '2025-08-07 07:43:16', '2025-08-07 07:43:16'),
(2352, 1, 'courses_employees.php', 1, 1, 1, 1, '2025-08-07 07:43:49', '2025-08-27 08:00:18'),
(2353, 2, 'courses_employees.php', 0, 0, 0, 0, '2025-08-07 07:43:49', '2025-08-07 07:43:49'),
(2354, 3, 'courses_employees.php', 0, 0, 0, 0, '2025-08-07 07:43:49', '2025-08-07 07:43:49'),
(2355, 4, 'courses_employees.php', 0, 0, 0, 0, '2025-08-07 07:43:49', '2025-08-07 07:43:49'),
(2356, 20, 'courses_employees.php', 0, 0, 0, 0, '2025-08-07 07:43:49', '2025-08-07 07:43:49'),
(2357, 21, 'courses_employees.php', 0, 0, 0, 0, '2025-08-07 07:43:49', '2025-08-12 07:11:04'),
(2358, 22, 'courses_employees.php', 0, 0, 0, 0, '2025-08-07 07:43:49', '2025-08-07 07:43:49'),
(2359, 23, 'courses_employees.php', 1, 1, 1, 1, '2025-08-07 07:43:49', '2025-08-27 08:00:18'),
(2360, 24, 'courses_employees.php', 0, 0, 0, 0, '2025-08-07 07:43:49', '2025-08-07 07:43:49'),
(2361, 25, 'courses_employees.php', 0, 0, 0, 0, '2025-08-07 07:43:49', '2025-08-07 07:43:49'),
(2362, 26, 'courses_employees.php', 0, 0, 0, 0, '2025-08-07 07:43:49', '2025-08-07 07:43:49'),
(2363, 1, 'department_admin.php', 1, 1, 1, 1, '2025-08-07 07:44:09', '2025-08-27 08:00:18'),
(2364, 2, 'department_admin.php', 0, 0, 0, 0, '2025-08-07 07:44:09', '2025-08-07 07:44:09'),
(2365, 3, 'department_admin.php', 0, 0, 0, 0, '2025-08-07 07:44:09', '2025-08-07 07:44:09'),
(2366, 4, 'department_admin.php', 0, 0, 0, 0, '2025-08-07 07:44:09', '2025-08-07 07:44:09'),
(2367, 20, 'department_admin.php', 1, 1, 1, 1, '2025-08-07 07:44:09', '2025-08-27 08:00:18'),
(2368, 21, 'department_admin.php', 0, 0, 0, 0, '2025-08-07 07:44:09', '2025-08-07 07:44:09'),
(2369, 22, 'department_admin.php', 0, 0, 0, 0, '2025-08-07 07:44:09', '2025-08-07 07:44:09'),
(2370, 23, 'department_admin.php', 0, 0, 0, 0, '2025-08-07 07:44:09', '2025-08-07 07:44:09'),
(2371, 24, 'department_admin.php', 0, 0, 0, 0, '2025-08-07 07:44:09', '2025-08-07 07:44:09'),
(2372, 25, 'department_admin.php', 0, 0, 0, 0, '2025-08-07 07:44:09', '2025-08-07 07:44:09'),
(2373, 26, 'department_admin.php', 0, 0, 0, 0, '2025-08-07 07:44:09', '2025-08-07 07:44:09'),
(2374, 1, 'department_commander.php', 1, 1, 1, 1, '2025-08-07 07:44:19', '2025-08-27 08:00:18'),
(2375, 2, 'department_commander.php', 0, 0, 0, 0, '2025-08-07 07:44:19', '2025-08-07 07:44:19'),
(2376, 3, 'department_commander.php', 0, 0, 0, 0, '2025-08-07 07:44:19', '2025-08-07 07:44:19'),
(2377, 4, 'department_commander.php', 0, 0, 0, 0, '2025-08-07 07:44:19', '2025-08-07 07:44:19'),
(2378, 20, 'department_commander.php', 0, 0, 0, 0, '2025-08-07 07:44:19', '2025-08-07 07:44:19'),
(2379, 21, 'department_commander.php', 0, 0, 0, 0, '2025-08-07 07:44:19', '2025-08-07 07:44:19'),
(2380, 22, 'department_commander.php', 1, 1, 1, 1, '2025-08-07 07:44:19', '2025-08-27 08:00:18'),
(2381, 23, 'department_commander.php', 0, 0, 0, 0, '2025-08-07 07:44:19', '2025-08-07 07:44:19'),
(2382, 24, 'department_commander.php', 0, 0, 0, 0, '2025-08-07 07:44:19', '2025-08-07 07:44:19'),
(2383, 25, 'department_commander.php', 0, 0, 0, 0, '2025-08-07 07:44:19', '2025-08-07 07:44:19'),
(2384, 26, 'department_commander.php', 0, 0, 0, 0, '2025-08-07 07:44:19', '2025-08-07 07:44:19'),
(2385, 1, 'department_officer.php', 1, 1, 1, 1, '2025-08-07 07:44:34', '2025-08-27 08:00:18'),
(2386, 2, 'department_officer.php', 0, 0, 0, 0, '2025-08-07 07:44:34', '2025-08-07 07:44:34'),
(2387, 3, 'department_officer.php', 0, 0, 0, 0, '2025-08-07 07:44:34', '2025-08-07 07:44:34'),
(2388, 4, 'department_officer.php', 0, 0, 0, 0, '2025-08-07 07:44:34', '2025-08-07 07:44:34'),
(2389, 20, 'department_officer.php', 0, 0, 0, 0, '2025-08-07 07:44:34', '2025-08-07 07:44:34'),
(2390, 21, 'department_officer.php', 1, 1, 1, 1, '2025-08-07 07:44:34', '2025-08-27 08:00:18'),
(2391, 22, 'department_officer.php', 0, 0, 0, 0, '2025-08-07 07:44:34', '2025-08-07 07:44:34'),
(2392, 23, 'department_officer.php', 0, 0, 0, 0, '2025-08-07 07:44:34', '2025-08-07 07:44:34'),
(2393, 24, 'department_officer.php', 0, 0, 0, 0, '2025-08-07 07:44:34', '2025-08-07 07:44:34'),
(2394, 25, 'department_officer.php', 0, 0, 0, 0, '2025-08-07 07:44:34', '2025-08-07 07:44:34'),
(2395, 26, 'department_officer.php', 0, 0, 0, 0, '2025-08-07 07:44:34', '2025-08-07 07:44:34'),
(2396, 1, 'edit_request.php', 1, 1, 1, 1, '2025-08-07 07:45:16', '2025-08-27 08:00:18'),
(2397, 2, 'edit_request.php', 0, 0, 0, 0, '2025-08-07 07:45:16', '2025-08-07 07:45:16'),
(2398, 3, 'edit_request.php', 0, 0, 0, 0, '2025-08-07 07:45:16', '2025-08-07 07:45:16'),
(2399, 4, 'edit_request.php', 0, 0, 0, 0, '2025-08-07 07:45:16', '2025-08-07 07:45:16'),
(2400, 20, 'edit_request.php', 1, 1, 1, 1, '2025-08-07 07:45:16', '2025-08-27 08:00:18'),
(2401, 21, 'edit_request.php', 0, 0, 0, 0, '2025-08-07 07:45:16', '2025-08-07 07:45:16'),
(2402, 22, 'edit_request.php', 0, 0, 0, 0, '2025-08-07 07:45:16', '2025-08-07 07:45:16'),
(2403, 23, 'edit_request.php', 0, 0, 0, 0, '2025-08-07 07:45:16', '2025-08-07 07:45:16'),
(2404, 24, 'edit_request.php', 0, 0, 0, 0, '2025-08-07 07:45:16', '2025-08-07 07:45:16'),
(2405, 25, 'edit_request.php', 0, 0, 0, 0, '2025-08-07 07:45:16', '2025-08-07 07:45:16'),
(2406, 26, 'edit_request.php', 0, 0, 0, 0, '2025-08-07 07:45:16', '2025-08-07 07:45:16'),
(2407, 1, 'education_admin.php', 1, 1, 1, 1, '2025-08-07 07:45:29', '2025-08-27 08:00:18'),
(2408, 2, 'education_admin.php', 0, 0, 0, 0, '2025-08-07 07:45:29', '2025-08-07 07:45:29'),
(2409, 3, 'education_admin.php', 0, 0, 0, 0, '2025-08-07 07:45:29', '2025-08-07 07:45:29'),
(2410, 4, 'education_admin.php', 0, 0, 0, 0, '2025-08-07 07:45:29', '2025-08-07 07:45:29'),
(2411, 20, 'education_admin.php', 0, 0, 0, 0, '2025-08-07 07:45:29', '2025-08-07 07:45:29'),
(2412, 21, 'education_admin.php', 0, 0, 0, 0, '2025-08-07 07:45:29', '2025-08-07 07:45:29'),
(2413, 22, 'education_admin.php', 0, 0, 0, 0, '2025-08-07 07:45:29', '2025-08-07 07:45:29'),
(2414, 23, 'education_admin.php', 1, 1, 1, 1, '2025-08-07 07:45:29', '2025-08-27 08:00:18'),
(2415, 24, 'education_admin.php', 0, 0, 0, 0, '2025-08-07 07:45:29', '2025-08-07 07:45:29'),
(2416, 25, 'education_admin.php', 0, 0, 0, 0, '2025-08-07 07:45:29', '2025-08-07 07:45:29'),
(2417, 26, 'education_admin.php', 0, 0, 0, 0, '2025-08-07 07:45:29', '2025-08-07 07:45:29'),
(2418, 1, 'education_commander.php', 1, 1, 1, 1, '2025-08-07 07:45:41', '2025-08-27 08:00:18'),
(2419, 2, 'education_commander.php', 0, 0, 0, 0, '2025-08-07 07:45:41', '2025-08-07 07:45:41'),
(2420, 3, 'education_commander.php', 0, 0, 0, 0, '2025-08-07 07:45:41', '2025-08-07 07:45:41'),
(2421, 4, 'education_commander.php', 0, 0, 0, 0, '2025-08-07 07:45:41', '2025-08-07 07:45:41'),
(2422, 20, 'education_commander.php', 0, 0, 0, 0, '2025-08-07 07:45:41', '2025-08-07 07:45:41'),
(2423, 21, 'education_commander.php', 0, 0, 0, 0, '2025-08-07 07:45:41', '2025-08-07 07:45:41'),
(2424, 22, 'education_commander.php', 0, 0, 0, 0, '2025-08-07 07:45:41', '2025-08-07 07:45:41'),
(2425, 23, 'education_commander.php', 0, 0, 0, 0, '2025-08-07 07:45:41', '2025-08-07 07:45:41'),
(2426, 24, 'education_commander.php', 0, 0, 0, 0, '2025-08-07 07:45:41', '2025-08-07 07:45:41'),
(2427, 25, 'education_commander.php', 0, 0, 0, 0, '2025-08-07 07:45:41', '2025-08-07 07:45:41'),
(2428, 26, 'education_commander.php', 1, 1, 1, 1, '2025-08-07 07:45:41', '2025-08-27 08:00:18'),
(2429, 1, 'education_officer.php', 1, 1, 1, 1, '2025-08-07 07:45:50', '2025-08-27 08:00:18'),
(2430, 2, 'education_officer.php', 0, 0, 0, 0, '2025-08-07 07:45:50', '2025-08-07 07:45:50'),
(2431, 3, 'education_officer.php', 0, 0, 0, 0, '2025-08-07 07:45:50', '2025-08-07 07:45:50'),
(2432, 4, 'education_officer.php', 0, 0, 0, 0, '2025-08-07 07:45:50', '2025-08-07 07:45:50'),
(2433, 20, 'education_officer.php', 0, 0, 0, 0, '2025-08-07 07:45:50', '2025-08-07 07:45:50'),
(2434, 21, 'education_officer.php', 0, 0, 0, 0, '2025-08-07 07:45:50', '2025-08-07 07:45:50'),
(2435, 22, 'education_officer.php', 0, 0, 0, 0, '2025-08-07 07:45:50', '2025-08-07 07:45:50'),
(2436, 23, 'education_officer.php', 0, 0, 0, 0, '2025-08-07 07:45:50', '2025-08-07 07:45:50'),
(2437, 24, 'education_officer.php', 0, 0, 0, 0, '2025-08-07 07:45:50', '2025-08-07 07:45:50'),
(2438, 25, 'education_officer.php', 1, 1, 1, 1, '2025-08-07 07:45:50', '2025-08-27 08:00:18'),
(2439, 26, 'education_officer.php', 0, 0, 0, 0, '2025-08-07 07:45:50', '2025-08-07 07:45:50'),
(2440, 1, 'employee_report.php', 1, 1, 1, 1, '2025-08-07 07:46:02', '2025-08-27 08:00:18'),
(2441, 2, 'employee_report.php', 0, 0, 0, 0, '2025-08-07 07:46:02', '2025-08-07 07:46:02'),
(2442, 3, 'employee_report.php', 0, 0, 0, 0, '2025-08-07 07:46:02', '2025-08-07 07:46:02'),
(2443, 4, 'employee_report.php', 0, 0, 0, 0, '2025-08-07 07:46:02', '2025-08-07 07:46:02'),
(2444, 20, 'employee_report.php', 0, 0, 0, 0, '2025-08-07 07:46:02', '2025-08-07 07:46:02'),
(2445, 21, 'employee_report.php', 0, 0, 0, 0, '2025-08-07 07:46:02', '2025-08-07 07:46:02'),
(2446, 22, 'employee_report.php', 0, 0, 0, 0, '2025-08-07 07:46:02', '2025-08-07 07:46:02'),
(2447, 23, 'employee_report.php', 1, 1, 1, 1, '2025-08-07 07:46:02', '2025-08-27 08:00:18'),
(2448, 24, 'employee_report.php', 1, 1, 1, 1, '2025-08-07 07:46:02', '2025-08-27 08:00:18'),
(2449, 25, 'employee_report.php', 0, 0, 0, 0, '2025-08-07 07:46:02', '2025-08-07 07:46:02'),
(2450, 26, 'employee_report.php', 0, 0, 0, 0, '2025-08-07 07:46:02', '2025-08-07 07:46:02'),
(2451, 1, 'employees.php', 1, 1, 1, 1, '2025-08-07 07:46:14', '2025-08-27 08:00:18'),
(2452, 2, 'employees.php', 0, 0, 0, 0, '2025-08-07 07:46:14', '2025-08-07 07:46:14'),
(2453, 3, 'employees.php', 0, 0, 0, 0, '2025-08-07 07:46:14', '2025-08-07 07:46:14'),
(2454, 4, 'employees.php', 0, 0, 0, 0, '2025-08-07 07:46:14', '2025-08-07 07:46:14'),
(2455, 20, 'employees.php', 0, 0, 0, 0, '2025-08-07 07:46:14', '2025-08-07 07:46:14'),
(2456, 21, 'employees.php', 0, 0, 0, 0, '2025-08-07 07:46:14', '2025-08-07 07:46:14'),
(2457, 22, 'employees.php', 0, 0, 0, 0, '2025-08-07 07:46:14', '2025-08-07 07:46:14'),
(2458, 23, 'employees.php', 1, 1, 1, 1, '2025-08-07 07:46:14', '2025-08-27 08:00:18'),
(2459, 24, 'employees.php', 0, 0, 0, 0, '2025-08-07 07:46:14', '2025-08-07 07:46:14'),
(2460, 25, 'employees.php', 0, 0, 0, 0, '2025-08-07 07:46:14', '2025-08-07 07:46:14'),
(2461, 26, 'employees.php', 0, 0, 0, 0, '2025-08-07 07:46:14', '2025-08-07 07:46:14'),
(2462, 1, 'equivalency_certificates.php', 1, 1, 1, 1, '2025-08-07 07:46:26', '2025-08-27 08:00:18'),
(2463, 2, 'equivalency_certificates.php', 0, 0, 0, 0, '2025-08-07 07:46:26', '2025-08-07 07:46:26'),
(2464, 3, 'equivalency_certificates.php', 0, 0, 0, 0, '2025-08-07 07:46:26', '2025-08-07 07:46:26'),
(2465, 4, 'equivalency_certificates.php', 0, 0, 0, 0, '2025-08-07 07:46:26', '2025-08-07 07:46:26'),
(2466, 20, 'equivalency_certificates.php', 0, 0, 0, 0, '2025-08-07 07:46:26', '2025-08-07 07:46:26'),
(2467, 21, 'equivalency_certificates.php', 0, 0, 0, 0, '2025-08-07 07:46:26', '2025-08-07 07:46:26'),
(2468, 22, 'equivalency_certificates.php', 0, 0, 0, 0, '2025-08-07 07:46:26', '2025-08-07 07:46:26'),
(2469, 23, 'equivalency_certificates.php', 1, 1, 1, 1, '2025-08-07 07:46:26', '2025-08-27 08:00:18'),
(2470, 24, 'equivalency_certificates.php', 0, 0, 0, 0, '2025-08-07 07:46:26', '2025-08-07 07:46:26'),
(2471, 25, 'equivalency_certificates.php', 0, 0, 0, 0, '2025-08-07 07:46:26', '2025-08-07 07:46:26'),
(2472, 26, 'equivalency_certificates.php', 0, 0, 0, 0, '2025-08-07 07:46:26', '2025-08-07 07:46:26'),
(2473, 1, 'event_details.php', 1, 1, 1, 1, '2025-08-07 07:46:40', '2025-08-27 08:00:18'),
(2474, 2, 'event_details.php', 0, 0, 0, 0, '2025-08-07 07:46:40', '2025-08-07 07:46:40'),
(2475, 3, 'event_details.php', 0, 0, 0, 0, '2025-08-07 07:46:40', '2025-08-07 07:46:40'),
(2476, 4, 'event_details.php', 0, 0, 0, 0, '2025-08-07 07:46:40', '2025-08-07 07:46:40'),
(2477, 20, 'event_details.php', 1, 1, 1, 1, '2025-08-07 07:46:40', '2025-08-27 08:00:18'),
(2478, 21, 'event_details.php', 1, 1, 1, 1, '2025-08-07 07:46:40', '2025-08-27 08:00:18'),
(2479, 22, 'event_details.php', 1, 1, 1, 1, '2025-08-07 07:46:40', '2025-08-27 08:00:18'),
(2480, 23, 'event_details.php', 1, 1, 1, 1, '2025-08-07 07:46:40', '2025-08-27 08:00:18'),
(2481, 24, 'event_details.php', 0, 0, 0, 0, '2025-08-07 07:46:40', '2025-08-07 07:46:40'),
(2482, 25, 'event_details.php', 1, 1, 1, 1, '2025-08-07 07:46:40', '2025-08-27 08:00:18'),
(2483, 26, 'event_details.php', 1, 1, 1, 1, '2025-08-07 07:46:40', '2025-08-27 08:00:18'),
(2484, 1, 'fetch_event.php', 1, 1, 1, 1, '2025-08-07 07:46:51', '2025-08-27 08:00:18'),
(2485, 2, 'fetch_event.php', 0, 0, 0, 0, '2025-08-07 07:46:51', '2025-08-07 07:46:51'),
(2486, 3, 'fetch_event.php', 0, 0, 0, 0, '2025-08-07 07:46:51', '2025-08-07 07:46:51'),
(2487, 4, 'fetch_event.php', 0, 0, 0, 0, '2025-08-07 07:46:51', '2025-08-07 07:46:51'),
(2488, 20, 'fetch_event.php', 1, 1, 1, 1, '2025-08-07 07:46:51', '2025-08-27 08:00:18'),
(2489, 21, 'fetch_event.php', 1, 1, 1, 1, '2025-08-07 07:46:51', '2025-08-27 08:00:18'),
(2490, 22, 'fetch_event.php', 1, 1, 1, 1, '2025-08-07 07:46:51', '2025-08-27 08:00:18'),
(2491, 23, 'fetch_event.php', 1, 1, 1, 1, '2025-08-07 07:46:51', '2025-08-27 08:00:18'),
(2492, 24, 'fetch_event.php', 0, 0, 0, 0, '2025-08-07 07:46:51', '2025-08-07 07:46:51'),
(2493, 25, 'fetch_event.php', 1, 1, 1, 1, '2025-08-07 07:46:51', '2025-08-27 08:00:18'),
(2494, 26, 'fetch_event.php', 1, 1, 1, 1, '2025-08-07 07:46:51', '2025-08-27 08:00:18'),
(2495, 1, 'home.php', 1, 1, 1, 1, '2025-08-07 07:47:16', '2025-08-27 08:00:18'),
(2496, 2, 'home.php', 0, 0, 0, 0, '2025-08-07 07:47:16', '2025-08-07 07:47:16'),
(2497, 3, 'home.php', 0, 0, 0, 0, '2025-08-07 07:47:16', '2025-08-07 07:47:16'),
(2498, 4, 'home.php', 0, 0, 0, 0, '2025-08-07 07:47:16', '2025-08-07 07:47:16'),
(2499, 20, 'home.php', 1, 1, 1, 1, '2025-08-07 07:47:16', '2025-08-27 08:00:18'),
(2500, 21, 'home.php', 1, 1, 1, 1, '2025-08-07 07:47:16', '2025-08-27 08:00:18'),
(2501, 22, 'home.php', 1, 1, 1, 1, '2025-08-07 07:47:16', '2025-08-27 08:00:18'),
(2502, 23, 'home.php', 1, 1, 1, 1, '2025-08-07 07:47:16', '2025-08-27 08:00:18'),
(2503, 24, 'home.php', 1, 1, 1, 1, '2025-08-07 07:47:16', '2025-08-27 08:00:18'),
(2504, 25, 'home.php', 1, 1, 1, 1, '2025-08-07 07:47:16', '2025-08-27 08:00:18'),
(2505, 26, 'home.php', 1, 1, 1, 1, '2025-08-07 07:47:16', '2025-08-27 08:00:18'),
(2506, 1, 'instructor.php', 1, 1, 1, 1, '2025-08-07 07:47:26', '2025-08-27 08:00:18'),
(2507, 2, 'instructor.php', 0, 0, 0, 0, '2025-08-07 07:47:26', '2025-08-07 07:47:26'),
(2508, 3, 'instructor.php', 0, 0, 0, 0, '2025-08-07 07:47:26', '2025-08-07 07:47:26'),
(2509, 4, 'instructor.php', 0, 0, 0, 0, '2025-08-07 07:47:26', '2025-08-07 07:47:26'),
(2510, 20, 'instructor.php', 0, 0, 0, 0, '2025-08-07 07:47:26', '2025-08-07 07:47:26'),
(2511, 21, 'instructor.php', 0, 0, 0, 0, '2025-08-07 07:47:26', '2025-08-07 07:47:26'),
(2512, 22, 'instructor.php', 0, 0, 0, 0, '2025-08-07 07:47:26', '2025-08-07 07:47:26'),
(2513, 23, 'instructor.php', 0, 0, 0, 0, '2025-08-07 07:47:26', '2025-08-07 07:47:26'),
(2514, 24, 'instructor.php', 1, 1, 1, 1, '2025-08-07 07:47:26', '2025-08-27 08:00:18'),
(2515, 25, 'instructor.php', 0, 0, 0, 0, '2025-08-07 07:47:26', '2025-08-07 07:47:26'),
(2516, 26, 'instructor.php', 0, 0, 0, 0, '2025-08-07 07:47:26', '2025-08-07 07:47:26'),
(2517, 1, 'my_requests.php', 1, 1, 1, 1, '2025-08-07 07:47:40', '2025-08-27 08:00:18'),
(2518, 2, 'my_requests.php', 0, 0, 0, 0, '2025-08-07 07:47:40', '2025-08-07 07:47:40'),
(2519, 3, 'my_requests.php', 0, 0, 0, 0, '2025-08-07 07:47:40', '2025-08-07 07:47:40'),
(2520, 4, 'my_requests.php', 0, 0, 0, 0, '2025-08-07 07:47:40', '2025-08-07 07:47:40'),
(2521, 20, 'my_requests.php', 1, 1, 1, 1, '2025-08-07 07:47:40', '2025-08-27 08:00:18'),
(2522, 21, 'my_requests.php', 0, 0, 0, 0, '2025-08-07 07:47:40', '2025-08-12 07:11:04'),
(2523, 22, 'my_requests.php', 0, 0, 0, 0, '2025-08-07 07:47:40', '2025-08-07 07:47:40'),
(2524, 23, 'my_requests.php', 1, 1, 1, 1, '2025-08-07 07:47:40', '2025-08-27 08:00:18'),
(2525, 24, 'my_requests.php', 0, 0, 0, 0, '2025-08-07 07:47:40', '2025-08-07 07:47:40'),
(2526, 25, 'my_requests.php', 0, 0, 0, 0, '2025-08-07 07:47:40', '2025-08-07 07:47:40'),
(2527, 26, 'my_requests.php', 0, 0, 0, 0, '2025-08-07 07:47:40', '2025-08-07 07:47:40'),
(2528, 1, 'permission.php', 1, 1, 1, 1, '2025-08-07 07:47:56', '2025-08-27 08:00:18'),
(2529, 2, 'permission.php', 0, 0, 0, 0, '2025-08-07 07:47:56', '2025-08-07 07:47:56'),
(2530, 3, 'permission.php', 0, 0, 0, 0, '2025-08-07 07:47:56', '2025-08-07 07:47:56'),
(2531, 4, 'permission.php', 0, 0, 0, 0, '2025-08-07 07:47:56', '2025-08-07 07:47:56'),
(2532, 20, 'permission.php', 0, 0, 0, 0, '2025-08-07 07:47:56', '2025-08-07 07:47:56'),
(2533, 21, 'permission.php', 0, 0, 0, 0, '2025-08-07 07:47:56', '2025-08-07 07:47:56'),
(2534, 22, 'permission.php', 0, 0, 0, 0, '2025-08-07 07:47:56', '2025-08-07 07:47:56'),
(2535, 23, 'permission.php', 0, 0, 0, 0, '2025-08-07 07:47:56', '2025-08-07 07:47:56'),
(2536, 24, 'permission.php', 0, 0, 0, 0, '2025-08-07 07:47:56', '2025-08-07 07:47:56'),
(2537, 25, 'permission.php', 0, 0, 0, 0, '2025-08-07 07:47:56', '2025-08-07 07:47:56'),
(2538, 26, 'permission.php', 0, 0, 0, 0, '2025-08-07 07:47:56', '2025-08-07 07:47:56'),
(2539, 1, 'Placement_courses.php', 1, 1, 1, 1, '2025-08-07 07:48:06', '2025-08-27 08:00:18'),
(2540, 2, 'Placement_courses.php', 0, 0, 0, 0, '2025-08-07 07:48:06', '2025-08-07 07:48:06'),
(2541, 3, 'Placement_courses.php', 0, 0, 0, 0, '2025-08-07 07:48:06', '2025-08-07 07:48:06'),
(2542, 4, 'Placement_courses.php', 0, 0, 0, 0, '2025-08-07 07:48:06', '2025-08-07 07:48:06'),
(2543, 20, 'Placement_courses.php', 1, 1, 1, 1, '2025-08-07 07:48:06', '2025-08-27 08:00:18'),
(2544, 21, 'Placement_courses.php', 0, 0, 0, 0, '2025-08-07 07:48:06', '2025-08-12 07:11:04'),
(2545, 22, 'Placement_courses.php', 0, 0, 0, 0, '2025-08-07 07:48:06', '2025-08-07 07:48:06'),
(2546, 23, 'Placement_courses.php', 0, 0, 0, 0, '2025-08-07 07:48:06', '2025-08-12 08:29:01'),
(2547, 24, 'Placement_courses.php', 0, 0, 0, 0, '2025-08-07 07:48:06', '2025-08-07 07:48:06'),
(2548, 25, 'Placement_courses.php', 0, 0, 0, 0, '2025-08-07 07:48:06', '2025-08-07 07:48:06'),
(2549, 26, 'Placement_courses.php', 0, 0, 0, 0, '2025-08-07 07:48:06', '2025-08-07 07:48:06'),
(2550, 1, 'plans.php', 1, 1, 1, 1, '2025-08-07 07:48:18', '2025-08-27 08:00:18'),
(2551, 2, 'plans.php', 0, 0, 0, 0, '2025-08-07 07:48:18', '2025-08-07 07:48:18'),
(2552, 3, 'plans.php', 0, 0, 0, 0, '2025-08-07 07:48:18', '2025-08-07 07:48:18'),
(2553, 4, 'plans.php', 0, 0, 0, 0, '2025-08-07 07:48:18', '2025-08-07 07:48:18'),
(2554, 20, 'plans.php', 0, 0, 0, 0, '2025-08-07 07:48:18', '2025-08-07 07:48:18'),
(2555, 21, 'plans.php', 0, 0, 0, 0, '2025-08-07 07:48:18', '2025-08-12 08:29:01'),
(2556, 22, 'plans.php', 0, 0, 0, 0, '2025-08-07 07:48:18', '2025-08-12 08:29:01'),
(2557, 23, 'plans.php', 1, 1, 1, 1, '2025-08-07 07:48:18', '2025-08-27 08:00:18'),
(2558, 24, 'plans.php', 0, 0, 0, 0, '2025-08-07 07:48:18', '2025-08-07 07:48:18'),
(2559, 25, 'plans.php', 1, 1, 1, 1, '2025-08-07 07:48:18', '2025-08-27 08:00:18'),
(2560, 26, 'plans.php', 1, 1, 1, 1, '2025-08-07 07:48:18', '2025-08-27 08:00:18'),
(2561, 1, 'process_decision.php', 1, 1, 1, 1, '2025-08-07 07:48:33', '2025-08-27 08:00:18'),
(2562, 2, 'process_decision.php', 0, 0, 0, 0, '2025-08-07 07:48:33', '2025-08-07 07:48:33'),
(2563, 3, 'process_decision.php', 0, 0, 0, 0, '2025-08-07 07:48:33', '2025-08-07 07:48:33'),
(2564, 4, 'process_decision.php', 0, 0, 0, 0, '2025-08-07 07:48:33', '2025-08-07 07:48:33'),
(2565, 20, 'process_decision.php', 1, 1, 1, 1, '2025-08-07 07:48:33', '2025-08-27 08:00:18'),
(2566, 21, 'process_decision.php', 1, 1, 1, 1, '2025-08-07 07:48:33', '2025-08-27 08:00:18'),
(2567, 22, 'process_decision.php', 1, 1, 1, 1, '2025-08-07 07:48:33', '2025-08-27 08:00:18'),
(2568, 23, 'process_decision.php', 1, 1, 1, 1, '2025-08-07 07:48:33', '2025-08-27 08:00:18'),
(2569, 24, 'process_decision.php', 1, 1, 1, 1, '2025-08-07 07:48:33', '2025-08-27 08:00:18'),
(2570, 25, 'process_decision.php', 1, 1, 1, 1, '2025-08-07 07:48:33', '2025-08-27 08:00:18'),
(2571, 26, 'process_decision.php', 1, 1, 1, 1, '2025-08-07 07:48:33', '2025-08-27 08:00:18'),
(2572, 1, 'report.php', 1, 1, 1, 1, '2025-08-07 07:49:03', '2025-08-27 08:00:18'),
(2573, 2, 'report.php', 0, 0, 0, 0, '2025-08-07 07:49:03', '2025-08-07 07:49:03'),
(2574, 3, 'report.php', 0, 0, 0, 0, '2025-08-07 07:49:03', '2025-08-07 07:49:03'),
(2575, 4, 'report.php', 0, 0, 0, 0, '2025-08-07 07:49:03', '2025-08-07 07:49:03'),
(2576, 20, 'report.php', 0, 0, 0, 0, '2025-08-07 07:49:03', '2025-08-07 07:49:03'),
(2577, 21, 'report.php', 0, 0, 0, 0, '2025-08-07 07:49:03', '2025-08-07 07:49:03'),
(2578, 22, 'report.php', 0, 0, 0, 0, '2025-08-07 07:49:03', '2025-08-07 07:49:03'),
(2579, 23, 'report.php', 1, 1, 1, 1, '2025-08-07 07:49:03', '2025-08-27 08:00:18'),
(2580, 24, 'report.php', 0, 0, 0, 0, '2025-08-07 07:49:03', '2025-08-07 07:49:03'),
(2581, 25, 'report.php', 0, 0, 0, 0, '2025-08-07 07:49:03', '2025-08-07 07:49:03'),
(2582, 26, 'report.php', 0, 0, 0, 0, '2025-08-07 07:49:03', '2025-08-07 07:49:03'),
(2583, 1, 'request_details.php', 1, 1, 1, 1, '2025-08-07 07:49:15', '2025-08-27 08:00:18'),
(2584, 2, 'request_details.php', 0, 0, 0, 0, '2025-08-07 07:49:15', '2025-08-07 07:49:15'),
(2585, 3, 'request_details.php', 0, 0, 0, 0, '2025-08-07 07:49:15', '2025-08-07 07:49:15'),
(2586, 4, 'request_details.php', 0, 0, 0, 0, '2025-08-07 07:49:15', '2025-08-07 07:49:15'),
(2587, 20, 'request_details.php', 1, 1, 1, 1, '2025-08-07 07:49:15', '2025-08-27 08:00:18'),
(2588, 21, 'request_details.php', 1, 1, 1, 1, '2025-08-07 07:49:15', '2025-08-27 08:00:18'),
(2589, 22, 'request_details.php', 1, 1, 1, 1, '2025-08-07 07:49:15', '2025-08-27 08:00:18'),
(2590, 23, 'request_details.php', 1, 1, 1, 1, '2025-08-07 07:49:15', '2025-08-27 08:00:18'),
(2591, 24, 'request_details.php', 0, 0, 0, 0, '2025-08-07 07:49:15', '2025-08-07 07:49:15'),
(2592, 25, 'request_details.php', 1, 1, 1, 1, '2025-08-07 07:49:15', '2025-08-27 08:00:18'),
(2593, 26, 'request_details.php', 1, 1, 1, 1, '2025-08-07 07:49:15', '2025-08-27 08:00:18'),
(2594, 1, 'save_pdf.php', 1, 1, 1, 1, '2025-08-07 07:49:25', '2025-08-27 08:00:18'),
(2595, 2, 'save_pdf.php', 0, 0, 0, 0, '2025-08-07 07:49:25', '2025-08-07 07:49:25'),
(2596, 3, 'save_pdf.php', 0, 0, 0, 0, '2025-08-07 07:49:25', '2025-08-07 07:49:25'),
(2597, 4, 'save_pdf.php', 0, 0, 0, 0, '2025-08-07 07:49:25', '2025-08-07 07:49:25'),
(2598, 20, 'save_pdf.php', 0, 0, 0, 0, '2025-08-07 07:49:25', '2025-08-12 07:06:10'),
(2599, 21, 'save_pdf.php', 0, 0, 0, 0, '2025-08-07 07:49:25', '2025-08-12 07:11:04'),
(2600, 22, 'save_pdf.php', 0, 0, 0, 0, '2025-08-07 07:49:25', '2025-08-12 07:11:04'),
(2601, 23, 'save_pdf.php', 1, 1, 1, 1, '2025-08-07 07:49:25', '2025-08-27 08:00:18'),
(2602, 24, 'save_pdf.php', 0, 0, 0, 0, '2025-08-07 07:49:25', '2025-08-07 07:49:25'),
(2603, 25, 'save_pdf.php', 0, 0, 0, 0, '2025-08-07 07:49:25', '2025-08-07 07:49:25'),
(2604, 26, 'save_pdf.php', 0, 0, 0, 0, '2025-08-07 07:49:25', '2025-08-07 07:49:25'),
(2605, 1, 'translation.php', 1, 1, 1, 1, '2025-08-07 07:49:41', '2025-08-27 08:00:18'),
(2606, 2, 'translation.php', 0, 0, 0, 0, '2025-08-07 07:49:41', '2025-08-07 07:49:41'),
(2607, 3, 'translation.php', 0, 0, 0, 0, '2025-08-07 07:49:41', '2025-08-07 07:49:41'),
(2608, 4, 'translation.php', 0, 0, 0, 0, '2025-08-07 07:49:41', '2025-08-07 07:49:41'),
(2609, 20, 'translation.php', 0, 0, 0, 0, '2025-08-07 07:49:41', '2025-08-07 07:49:41'),
(2610, 21, 'translation.php', 0, 0, 0, 0, '2025-08-07 07:49:41', '2025-08-07 07:49:41'),
(2611, 22, 'translation.php', 0, 0, 0, 0, '2025-08-07 07:49:41', '2025-08-07 07:49:41'),
(2612, 23, 'translation.php', 0, 0, 0, 0, '2025-08-07 07:49:41', '2025-08-07 07:49:41'),
(2613, 24, 'translation.php', 0, 0, 0, 0, '2025-08-07 07:49:41', '2025-08-07 07:49:41'),
(2614, 25, 'translation.php', 0, 0, 0, 0, '2025-08-07 07:49:41', '2025-08-07 07:49:41'),
(2615, 26, 'translation.php', 0, 0, 0, 0, '2025-08-07 07:49:41', '2025-08-07 07:49:41'),
(2616, 1, 'users.php', 1, 1, 1, 1, '2025-08-07 07:49:51', '2025-08-27 08:00:18'),
(2617, 2, 'users.php', 0, 0, 0, 0, '2025-08-07 07:49:51', '2025-08-07 07:49:51'),
(2618, 3, 'users.php', 0, 0, 0, 0, '2025-08-07 07:49:51', '2025-08-07 07:49:51'),
(2619, 4, 'users.php', 0, 0, 0, 0, '2025-08-07 07:49:51', '2025-08-07 07:49:51'),
(2620, 20, 'users.php', 0, 0, 0, 0, '2025-08-07 07:49:51', '2025-08-07 07:49:51'),
(2621, 21, 'users.php', 0, 0, 0, 0, '2025-08-07 07:49:51', '2025-08-07 07:49:51'),
(2622, 22, 'users.php', 0, 0, 0, 0, '2025-08-07 07:49:51', '2025-08-07 07:49:51'),
(2623, 23, 'users.php', 0, 0, 0, 0, '2025-08-07 07:49:51', '2025-08-07 07:49:51'),
(2624, 24, 'users.php', 0, 0, 0, 0, '2025-08-07 07:49:51', '2025-08-07 07:49:51'),
(2625, 25, 'users.php', 0, 0, 0, 0, '2025-08-07 07:49:51', '2025-08-07 07:49:51'),
(2626, 26, 'users.php', 0, 0, 0, 0, '2025-08-07 07:49:51', '2025-08-07 07:49:51'),
(2627, 1, 'workflow_timeline.php', 1, 1, 1, 1, '2025-08-07 07:50:04', '2025-08-27 08:00:18'),
(2628, 2, 'workflow_timeline.php', 0, 0, 0, 0, '2025-08-07 07:50:04', '2025-08-07 07:50:04'),
(2629, 3, 'workflow_timeline.php', 0, 0, 0, 0, '2025-08-07 07:50:04', '2025-08-07 07:50:04'),
(2630, 4, 'workflow_timeline.php', 0, 0, 0, 0, '2025-08-07 07:50:04', '2025-08-07 07:50:04'),
(2631, 20, 'workflow_timeline.php', 0, 0, 0, 0, '2025-08-07 07:50:04', '2025-08-12 08:29:01'),
(2632, 21, 'workflow_timeline.php', 1, 1, 1, 0, '2025-08-07 07:50:04', '2025-08-27 08:00:18'),
(2633, 22, 'workflow_timeline.php', 1, 1, 1, 1, '2025-08-07 07:50:04', '2025-08-27 08:00:18'),
(2634, 23, 'workflow_timeline.php', 1, 1, 1, 1, '2025-08-07 07:50:04', '2025-08-27 08:00:18'),
(2635, 24, 'workflow_timeline.php', 0, 0, 0, 0, '2025-08-07 07:50:04', '2025-08-07 07:50:04'),
(2636, 25, 'workflow_timeline.php', 1, 1, 1, 1, '2025-08-07 07:50:04', '2025-08-27 08:00:18'),
(2637, 26, 'workflow_timeline.php', 1, 1, 1, 1, '2025-08-07 07:50:04', '2025-08-27 08:00:18'),
(2639, 1, 'login.php', 1, 1, 1, 1, '2025-08-07 07:55:10', '2025-08-27 08:00:18'),
(2642, 1, 'get_courses_by_month.php', 1, 1, 1, 1, '2025-08-07 08:50:20', '2025-08-27 08:00:18'),
(2643, 2, 'get_courses_by_month.php', 0, 0, 0, 0, '2025-08-07 08:50:20', '2025-08-07 08:50:20'),
(2644, 3, 'get_courses_by_month.php', 0, 0, 0, 0, '2025-08-07 08:50:20', '2025-08-07 08:50:20'),
(2645, 4, 'get_courses_by_month.php', 0, 0, 0, 0, '2025-08-07 08:50:20', '2025-08-07 08:50:20'),
(2646, 20, 'get_courses_by_month.php', 1, 1, 1, 1, '2025-08-07 08:50:20', '2025-08-27 08:00:18'),
(2647, 21, 'get_courses_by_month.php', 1, 1, 1, 1, '2025-08-07 08:50:20', '2025-08-27 08:00:18'),
(2648, 22, 'get_courses_by_month.php', 1, 1, 1, 1, '2025-08-07 08:50:20', '2025-08-27 08:00:18'),
(2649, 23, 'get_courses_by_month.php', 1, 1, 1, 1, '2025-08-07 08:50:20', '2025-08-27 08:00:18'),
(2650, 24, 'get_courses_by_month.php', 1, 1, 1, 1, '2025-08-07 08:50:20', '2025-08-27 08:00:18'),
(2651, 25, 'get_courses_by_month.php', 1, 1, 1, 1, '2025-08-07 08:50:20', '2025-08-27 08:00:18'),
(2652, 26, 'get_courses_by_month.php', 1, 1, 1, 1, '2025-08-07 08:50:20', '2025-08-27 08:00:18'),
(2653, 1, 'update_employee.php', 1, 1, 1, 1, '2025-08-07 09:02:06', '2025-08-27 08:00:18'),
(2654, 2, 'update_employee.php', 0, 0, 0, 0, '2025-08-07 09:02:06', '2025-08-07 09:02:06'),
(2655, 3, 'update_employee.php', 0, 0, 0, 0, '2025-08-07 09:02:06', '2025-08-07 09:02:06'),
(2656, 4, 'update_employee.php', 0, 0, 0, 0, '2025-08-07 09:02:06', '2025-08-07 09:02:06'),
(2657, 20, 'update_employee.php', 0, 0, 0, 0, '2025-08-07 09:02:06', '2025-08-07 09:02:06'),
(2658, 21, 'update_employee.php', 0, 0, 0, 0, '2025-08-07 09:02:06', '2025-08-07 09:02:06'),
(2659, 22, 'update_employee.php', 0, 0, 0, 0, '2025-08-07 09:02:06', '2025-08-07 09:02:06'),
(2660, 23, 'update_employee.php', 1, 1, 1, 1, '2025-08-07 09:02:06', '2025-08-27 08:00:18'),
(2661, 24, 'update_employee.php', 0, 0, 0, 0, '2025-08-07 09:02:06', '2025-08-07 09:02:06'),
(2662, 25, 'update_employee.php', 0, 0, 0, 0, '2025-08-07 09:02:06', '2025-08-07 09:02:06'),
(2663, 26, 'update_employee.php', 0, 0, 0, 0, '2025-08-07 09:02:06', '2025-08-07 09:02:06'),
(2664, 1, 'update_course.php', 1, 1, 1, 1, '2025-08-10 04:28:57', '2025-08-27 08:00:18'),
(2665, 2, 'update_course.php', 0, 0, 0, 0, '2025-08-10 04:28:57', '2025-08-10 04:28:57'),
(2666, 3, 'update_course.php', 0, 0, 0, 0, '2025-08-10 04:28:57', '2025-08-10 04:28:57'),
(2667, 4, 'update_course.php', 0, 0, 0, 0, '2025-08-10 04:28:57', '2025-08-10 04:28:57'),
(2668, 20, 'update_course.php', 0, 0, 0, 0, '2025-08-10 04:28:57', '2025-08-10 04:28:57'),
(2669, 21, 'update_course.php', 0, 0, 0, 0, '2025-08-10 04:28:57', '2025-08-10 04:28:57'),
(2670, 22, 'update_course.php', 0, 0, 0, 0, '2025-08-10 04:28:57', '2025-08-10 04:28:57'),
(2671, 23, 'update_course.php', 1, 1, 1, 1, '2025-08-10 04:28:57', '2025-08-27 08:00:18'),
(2672, 24, 'update_course.php', 0, 0, 0, 0, '2025-08-10 04:28:57', '2025-08-12 08:29:01'),
(2673, 25, 'update_course.php', 0, 0, 0, 0, '2025-08-10 04:28:57', '2025-08-10 04:28:57'),
(2674, 26, 'update_course.php', 0, 0, 0, 0, '2025-08-10 04:28:57', '2025-08-10 04:28:57'),
(2675, 1, 'document.php', 1, 1, 1, 1, '2025-08-26 07:31:14', '2025-08-27 08:00:18'),
(2676, 2, 'document.php', 0, 0, 0, 0, '2025-08-26 07:31:14', '2025-08-26 07:31:14'),
(2677, 3, 'document.php', 0, 0, 0, 0, '2025-08-26 07:31:14', '2025-08-26 07:31:14'),
(2678, 4, 'document.php', 0, 0, 0, 0, '2025-08-26 07:31:14', '2025-08-26 07:31:14'),
(2679, 20, 'document.php', 0, 0, 0, 0, '2025-08-26 07:31:14', '2025-08-26 07:31:14'),
(2680, 21, 'document.php', 0, 0, 0, 0, '2025-08-26 07:31:14', '2025-08-26 07:31:14'),
(2681, 22, 'document.php', 0, 0, 0, 0, '2025-08-26 07:31:14', '2025-08-26 07:31:14'),
(2682, 23, 'document.php', 1, 1, 1, 1, '2025-08-26 07:31:14', '2025-08-27 08:00:18'),
(2683, 24, 'document.php', 0, 0, 0, 0, '2025-08-26 07:31:14', '2025-08-26 07:31:14'),
(2684, 25, 'document.php', 0, 0, 0, 0, '2025-08-26 07:31:14', '2025-08-26 07:31:14'),
(2685, 26, 'document.php', 0, 0, 0, 0, '2025-08-26 07:31:14', '2025-08-26 07:31:14');

-- --------------------------------------------------------

--
-- Table structure for table `ranks`
--

CREATE TABLE `ranks` (
  `id_rank` int(10) UNSIGNED NOT NULL,
  `name_en` varchar(255) NOT NULL,
  `name_ar` varchar(255) NOT NULL,
  `created_at` timestamp NULL DEFAULT NULL,
  `updated_at` timestamp NULL DEFAULT NULL
) ENGINE=InnoDB DEFAULT CHARSET=utf8mb4 COLLATE=utf8mb4_unicode_ci;

--
-- Dumping data for table `ranks`
--

INSERT INTO `ranks` (`id_rank`, `name_en`, `name_ar`, `created_at`, `updated_at`) VALUES
(1, 'MOD', 'نائب رئيس مجلس الوزراء ووزير الدولة لشؤون الدفاع', '0000-00-00 00:00:00', '0000-00-00 00:00:00'),
(2, 'Lieutenant General-Pilot', 'فريق-طيار', '0000-00-00 00:00:00', '0000-00-00 00:00:00'),
(3, 'Lieutenant General', 'فريق', '0000-00-00 00:00:00', '0000-00-00 00:00:00'),
(4, 'Major General-Pilot', 'لواء-طيار', '0000-00-00 00:00:00', '0000-00-00 00:00:00'),
(5, 'Major General- Eng/Air', 'لواء-م/جو', '0000-00-00 00:00:00', '0000-00-00 00:00:00'),
(6, 'Major General-Air', 'لواء-جو', '0000-00-00 00:00:00', '0000-00-00 00:00:00'),
(7, 'Major General', 'لواء', '0000-00-00 00:00:00', '0000-00-00 00:00:00'),
(8, 'Major General-Staff Pilot', 'لواء ركن-طيار', '0000-00-00 00:00:00', '0000-00-00 00:00:00'),
(9, 'Major General-Staff Eng.Air', 'لواء ركن-م/جو', '0000-00-00 00:00:00', '0000-00-00 00:00:00'),
(10, 'General-Staff Air', 'لواء ركن-جو', '0000-00-00 00:00:00', '0000-00-00 00:00:00'),
(11, 'Brigadier Pilot', 'عميد ( طيار )', '0000-00-00 00:00:00', '0000-00-00 00:00:00'),
(12, 'Brigadier Eng.Air', 'عميد ( م/جو )', '0000-00-00 00:00:00', '0000-00-00 00:00:00'),
(13, 'Brigadier Air', 'عميد ( جو )', '0000-00-00 00:00:00', '0000-00-00 00:00:00'),
(14, 'Brigadier Tech.Air', 'عميد ( فني/جو )', '0000-00-00 00:00:00', '0000-00-00 00:00:00'),
(15, 'Brigadier', 'عميد', '0000-00-00 00:00:00', '0000-00-00 00:00:00'),
(16, 'Brigadier Staff Pilot', 'عميد ركن (طيار)', '0000-00-00 00:00:00', '0000-00-00 00:00:00'),
(17, 'Brigadier Staff Eng.Air', 'عميد ركن (م/جو)', '0000-00-00 00:00:00', '0000-00-00 00:00:00'),
(18, 'Brigadier Staff Staff Air', 'عميد ركن (جو)', '0000-00-00 00:00:00', '0000-00-00 00:00:00'),
(19, 'Colonel Pilot', 'عقيد ( طيار )', '0000-00-00 00:00:00', '0000-00-00 00:00:00'),
(20, 'Colonel Eng.Air', 'عقيد ( م/جو )', '0000-00-00 00:00:00', '0000-00-00 00:00:00'),
(21, 'Colonel Air', 'عقيد ( جو )', '0000-00-00 00:00:00', '0000-00-00 00:00:00'),
(22, 'Colonel Tech.Air', 'عقيد ( فني/جو )', '0000-00-00 00:00:00', '0000-00-00 00:00:00'),
(23, 'Colonel', 'عقيد', '0000-00-00 00:00:00', '0000-00-00 00:00:00'),
(24, 'Colonel Pilot', 'عقيد ركن (طيار)', '0000-00-00 00:00:00', '0000-00-00 00:00:00'),
(25, 'Colonel Pilot', 'عقيد ركن (م/جو)', '0000-00-00 00:00:00', '0000-00-00 00:00:00'),
(26, 'Colonel Pilot', 'عقيد ركن (جو)', '0000-00-00 00:00:00', '0000-00-00 00:00:00'),
(27, 'Lt-Colonel', 'مقدم ( طيار )', '0000-00-00 00:00:00', '0000-00-00 00:00:00'),
(28, 'Lt-Colonel', 'مقدم ( م/جو )', '0000-00-00 00:00:00', '0000-00-00 00:00:00'),
(29, 'Lt-Colonel', 'مقدم ( جو )', '0000-00-00 00:00:00', '0000-00-00 00:00:00'),
(30, 'Lt-Colonel', 'مقدم ( فني/جو )', '0000-00-00 00:00:00', '0000-00-00 00:00:00'),
(31, 'Lt-Colonel', 'مقدم', '0000-00-00 00:00:00', '0000-00-00 00:00:00'),
(32, 'Lt-Colonel', 'مقدم ركن (طيار)', '0000-00-00 00:00:00', '0000-00-00 00:00:00'),
(33, 'Lt-Colonel', 'مقدم ركن (م/جو)', '0000-00-00 00:00:00', '0000-00-00 00:00:00'),
(34, 'Lt-Colonel', 'مقدم ركن (جو)', '0000-00-00 00:00:00', '0000-00-00 00:00:00'),
(35, 'Major Pilot', 'رائد ( طيار )', '0000-00-00 00:00:00', '0000-00-00 00:00:00'),
(36, 'Major Air', 'رائد ( م/جو )', '0000-00-00 00:00:00', '0000-00-00 00:00:00'),
(37, 'Major Air', 'رائد ( جو )', '0000-00-00 00:00:00', '0000-00-00 00:00:00'),
(38, 'Major Air', 'رائد ( فني/جو )', '0000-00-00 00:00:00', '0000-00-00 00:00:00'),
(39, 'Major', 'رائد', '0000-00-00 00:00:00', '0000-00-00 00:00:00'),
(40, 'Major Pilot', 'رائد ركن (طيار)', '0000-00-00 00:00:00', '0000-00-00 00:00:00'),
(41, 'Major Air', 'رائد ركن (م/جو)', '0000-00-00 00:00:00', '0000-00-00 00:00:00'),
(42, 'Major Air', 'رائد ركن (جو)', '0000-00-00 00:00:00', '0000-00-00 00:00:00'),
(43, 'Captain Pilot', 'نقيب ( طيار )', '0000-00-00 00:00:00', '0000-00-00 00:00:00'),
(44, 'Captain Air', 'نقيب ( م/جو )', '0000-00-00 00:00:00', '0000-00-00 00:00:00'),
(45, 'Captain Air', 'نقيب ( جو )', '0000-00-00 00:00:00', '0000-00-00 00:00:00'),
(46, 'Captain Air', 'نقيب ( فني/جو )', '0000-00-00 00:00:00', '0000-00-00 00:00:00'),
(47, 'Captain', 'نقيب', '0000-00-00 00:00:00', '0000-00-00 00:00:00'),
(48, '1st Lt Pilot', 'ملازم أول ( طيار )', '0000-00-00 00:00:00', '0000-00-00 00:00:00'),
(49, '1st Lt Air', 'ملازم أول ( م/جو )', '0000-00-00 00:00:00', '0000-00-00 00:00:00'),
(50, '1st Lt Air', 'ملازم أول ( جو )', '0000-00-00 00:00:00', '0000-00-00 00:00:00'),
(51, '1st Lt Tech Air', 'ملازم أول ( فني/جو )', '0000-00-00 00:00:00', '0000-00-00 00:00:00'),
(52, '1st Lt', 'ملازم أول', '0000-00-00 00:00:00', '0000-00-00 00:00:00'),
(53, '2nd Lt Pilot', 'ملازم ( طيار )', '0000-00-00 00:00:00', '0000-00-00 00:00:00'),
(54, '2nd Lt Air', 'ملازم ( م/جو )', '0000-00-00 00:00:00', '0000-00-00 00:00:00'),
(55, '2nd Lt Air', 'ملازم(جو)', '0000-00-00 00:00:00', '0000-00-00 00:00:00'),
(56, '2nd Lt Tech.Air', 'ملازم ( فني/جو )', '0000-00-00 00:00:00', '0000-00-00 00:00:00'),
(57, '2nd Lt.', 'ملازم', '0000-00-00 00:00:00', '0000-00-00 00:00:00'),
(62, 'Genral Inspector', 'مفتش عام عسكرى', '0000-00-00 00:00:00', '0000-00-00 00:00:00'),
(63, 'Military Civilian1', 'كبير فنيين عسكريين', '0000-00-00 00:00:00', '0000-00-00 00:00:00'),
(64, 'Civ Grade-1', 'فنى مدنى - 1', '0000-00-00 00:00:00', '0000-00-00 00:00:00'),
(65, 'Civ Grade-2', 'فنى مدنى - 2', '0000-00-00 00:00:00', '0000-00-00 00:00:00'),
(66, 'Civ Grade-3', 'فنى مدنى - 3', '0000-00-00 00:00:00', '0000-00-00 00:00:00'),
(67, 'Civ Grade-4', 'فنى مدنى - 4', '0000-00-00 00:00:00', '0000-00-00 00:00:00'),
(68, 'Expert/civilian COnsultant ', 'خبير/مستشار مدنى', '0000-00-00 00:00:00', '0000-00-00 00:00:00'),
(69, 'Civ Grade-7', 'السابعة', '0000-00-00 00:00:00', '0000-00-00 00:00:00'),
(70, 'Civ Grade-1', 'الاولى', '0000-00-00 00:00:00', '0000-00-00 00:00:00'),
(71, 'Civ Grade-6', 'السادسة', '0000-00-00 00:00:00', '0000-00-00 00:00:00'),
(72, 'Candidate Officer', 'مرشح ضابط', '0000-00-00 00:00:00', '0000-00-00 00:00:00'),
(73, 'W.O.1', 'وكيل أول', '0000-00-00 00:00:00', '0000-00-00 00:00:00'),
(74, 'W.O.2', 'وكيل ثانى', '0000-00-00 00:00:00', '0000-00-00 00:00:00'),
(75, 'Staff Sergeant', 'رقيب', '0000-00-00 00:00:00', '0000-00-00 00:00:00'),
(76, 'Sergeant', 'نائب', '0000-00-00 00:00:00', '0000-00-00 00:00:00'),
(77, 'Corporal', 'عريف', '0000-00-00 00:00:00', '0000-00-00 00:00:00'),
(78, 'Lance Corporal', 'وكيل عريف', '0000-00-00 00:00:00', '0000-00-00 00:00:00'),
(79, 'Soldier', 'جندى', '0000-00-00 00:00:00', '0000-00-00 00:00:00'),
(80, 'Security Guard', 'حرس أمن', '0000-00-00 00:00:00', '0000-00-00 00:00:00'),
(81, 'Soldier Under Trg', 'جندى طالب', '0000-00-00 00:00:00', '0000-00-00 00:00:00'),
(82, 'Kid Soldier', 'جندى ولد', '0000-00-00 00:00:00', '0000-00-00 00:00:00'),
(83, 'Kid Half soldier', 'جندى نصف ولد', '0000-00-00 00:00:00', '0000-00-00 00:00:00'),
(90, 'Civilian Under Trg', 'ف ع - تحت التدريب', '0000-00-00 00:00:00', '0000-00-00 00:00:00'),
(91, 'Civ Grade-5', 'فنى مدنى - 5', '0000-00-00 00:00:00', '0000-00-00 00:00:00'),
(92, 'Civ Grade-6', 'فنى مدنى - 6', '0000-00-00 00:00:00', '0000-00-00 00:00:00'),
(93, 'Civ Grade-7', 'فنى مدنى - 7', '0000-00-00 00:00:00', '0000-00-00 00:00:00'),
(94, 'Civ Grade-8', 'فنى مدنى - 8', '0000-00-00 00:00:00', '0000-00-00 00:00:00'),
(95, 'Civ Grade-9', 'فنى مدنى - 9', '0000-00-00 00:00:00', '0000-00-00 00:00:00'),
(96, 'Civ Grade-10', 'فنى مدنى - 10', '0000-00-00 00:00:00', '0000-00-00 00:00:00'),
(97, 'Civ Grade-11', 'فنى مدنى - 11', '0000-00-00 00:00:00', '0000-00-00 00:00:00'),
(98, 'Civ Grade-12', 'فنى مدنى - 12', '0000-00-00 00:00:00', '0000-00-00 00:00:00'),
(99, 'Civ Grade-13', 'فنى مدنى - 13', '0000-00-00 00:00:00', '0000-00-00 00:00:00'),
(100, 'Soldier Tech.1', 'جندى مهنى - 1', '0000-00-00 00:00:00', '0000-00-00 00:00:00'),
(101, 'Soldier Tech.2', 'جندى مهنى - 2', '0000-00-00 00:00:00', '0000-00-00 00:00:00'),
(102, 'Soldier Tech.3', 'جندى مهنى - 3', '0000-00-00 00:00:00', '0000-00-00 00:00:00'),
(103, 'Soldier Tech.4', 'جندى مهنى - 4', '0000-00-00 00:00:00', '0000-00-00 00:00:00'),
(104, 'Soldier Tech.5', 'جندى مهنى5', '0000-00-00 00:00:00', '0000-00-00 00:00:00'),
(105, 'Civilian', 'مدني', '0000-00-00 00:00:00', '0000-00-00 00:00:00'),
(106, 'Soldier', 'جندي', '0000-00-00 00:00:00', '0000-00-00 00:00:00'),
(107, 'Lt.Colonel Staff', 'مقدم ركن', '0000-00-00 00:00:00', '0000-00-00 00:00:00'),
(108, 'NA', 'غ م', '0000-00-00 00:00:00', '0000-00-00 00:00:00'),
(110, 'Captain Staff', 'نقيب ركن', '0000-00-00 00:00:00', '0000-00-00 00:00:00');

-- --------------------------------------------------------

--
-- Table structure for table `ranks_categories`
--

CREATE TABLE `ranks_categories` (
  `id_ranks_categories` int(10) UNSIGNED NOT NULL,
  `name_en` varchar(255) NOT NULL,
  `name_ar` varchar(255) NOT NULL,
  `created_at` timestamp NULL DEFAULT NULL,
  `updated_at` timestamp NULL DEFAULT NULL
) ENGINE=InnoDB DEFAULT CHARSET=utf8mb4 COLLATE=utf8mb4_unicode_ci;

--
-- Dumping data for table `ranks_categories`
--

INSERT INTO `ranks_categories` (`id_ranks_categories`, `name_en`, `name_ar`, `created_at`, `updated_at`) VALUES
(1, 'Officers', 'الضباط', '2023-11-08 04:45:54', '2023-11-08 04:45:54'),
(2, 'Other Ranks', 'رتب أخرى', '2023-11-08 04:45:54', '2023-11-08 04:45:54'),
(3, 'Civilians', 'المدنيين', '2023-11-08 04:45:54', '2023-11-08 04:45:54');

-- --------------------------------------------------------

--
-- Table structure for table `required_attachments`
--

CREATE TABLE `required_attachments` (
  `id` int(11) NOT NULL,
  `id_course` int(11) NOT NULL,
  `id_employee` int(11) NOT NULL,
  `attachment_type` varchar(50) NOT NULL,
  `file_name` varchar(255) NOT NULL,
  `uploaded_at` datetime NOT NULL
) ENGINE=InnoDB DEFAULT CHARSET=utf8mb4 COLLATE=utf8mb4_general_ci;

-- --------------------------------------------------------

--
-- Table structure for table `roles`
--

CREATE TABLE `roles` (
  `id_role` int(11) NOT NULL,
  `role` varchar(250) NOT NULL,
  `created_at` datetime NOT NULL,
  `updated_at` datetime NOT NULL
) ENGINE=InnoDB DEFAULT CHARSET=utf8mb4 COLLATE=utf8mb4_unicode_ci;

--
-- Dumping data for table `roles`
--

INSERT INTO `roles` (`id_role`, `role`, `created_at`, `updated_at`) VALUES
(1, 'Developer', '2025-02-13 09:19:29', '0000-00-00 00:00:00'),
(2, 'System', '2025-02-13 09:13:30', '0000-00-00 00:00:00'),
(3, 'Admin', '2025-02-13 09:14:46', '0000-00-00 00:00:00'),
(4, 'User', '2025-02-13 09:17:34', '0000-00-00 00:00:00'),
(20, 'department_admin', '0000-00-00 00:00:00', '0000-00-00 00:00:00'),
(21, 'department_officer', '0000-00-00 00:00:00', '0000-00-00 00:00:00'),
(22, 'department_commander', '0000-00-00 00:00:00', '0000-00-00 00:00:00'),
(23, 'education_admin', '0000-00-00 00:00:00', '0000-00-00 00:00:00'),
(24, 'instructor', '0000-00-00 00:00:00', '0000-00-00 00:00:00'),
(25, 'education_officer', '0000-00-00 00:00:00', '0000-00-00 00:00:00'),
(26, 'education_commander', '0000-00-00 00:00:00', '0000-00-00 00:00:00');

-- --------------------------------------------------------

--
-- Table structure for table `translations`
--

CREATE TABLE `translations` (
  `id` int(11) NOT NULL,
  `language` varchar(10) NOT NULL,
  `key` varchar(255) NOT NULL,
  `text` text NOT NULL
) ENGINE=InnoDB DEFAULT CHARSET=utf8mb4 COLLATE=utf8mb4_unicode_ci;

--
-- Dumping data for table `translations`
--

INSERT INTO `translations` (`id`, `language`, `key`, `text`) VALUES
(1, 'en', 'sidebarTitle', 'Education And Course'),
(2, 'en', 'home', 'Home'),
(3, 'en', 'employees', 'Employees'),
(4, 'ar', 'placement courses', 'Placement Courses'),
(5, 'en', 'certificates', 'Equivalency Certificates'),
(6, 'en', 'plans', 'Plans'),
(7, 'en', 'courseEmployee', 'Course Employee'),
(8, 'en', 'course', 'Course'),
(9, 'en', 'document', 'Document'),
(10, 'en', 'users', 'Users'),
(11, 'en', 'welcomeMessage', 'Welcome to the education and courses website'),
(12, 'en', 'description', 'This is your starting point. Here you can add some content about your website.'),
(13, 'ar', 'sidebarTitle', 'التعليم والدورات'),
(14, 'ar', 'home', 'الرئيسية'),
(15, 'ar', 'employees', 'الموظفين'),
(16, 'ar', 'placementCourses', 'التنسيب للدورات'),
(17, 'ar', 'certificates', 'معادلة الشهادات'),
(18, 'ar', 'plans', 'الخطط'),
(19, 'ar', 'courseEmployee', 'دورات الموظفين'),
(20, 'ar', 'course', 'الدورة'),
(21, 'ar', 'document', 'المستند'),
(22, 'ar', 'users', 'المستخدمين'),
(23, 'ar', 'welcomeMessage', 'مرحبا بك في موقع التعليم والدورات'),
(25, 'ar', 'equivalencyCertificates', 'معادلة الشهادات '),
(26, 'ar', 'login', 'تسجيل الدخول'),
(27, 'ar', 'logout', 'تسجيل الخروج '),
(28, 'ar', 'resetPassword', 'إعادة تعيين كلمة المرور '),
(29, 'ar', 'Welcome', 'مرحبًا'),
(30, 'ar', 'email', 'البريد الإلكتروني'),
(31, 'en', 'welcome ', 'Welcome'),
(33, 'en', 'email', 'Email'),
(34, 'en', 'permission', 'Permission'),
(35, 'ar', 'permission', 'الصلاحيات'),
(36, 'en', 'translation', 'Translation'),
(38, 'ar', 'translation', 'الترجمة'),
(39, 'ar', 'attendance', 'التحضير'),
(41, 'en', 'attendance', 'Attendance'),
(50, 'ar', 'pending requests', 'الطلبات المعلقة'),
(52, 'ar', 'approved requests', 'الطلبات المعتمدة'),
(53, 'en', 'Approved ', 'approved requests'),
(54, 'ar', 'rejected requests', 'الطلبات المرفوضة'),
(55, 'en', 'rejected', 'Rejected Requests'),
(57, 'ar', 'my requests', 'طلباتي'),
(58, 'ar', 'pending', 'pending requests'),
(59, 'ar', 'leader approval requests', 'طلبات للاعتماد'),
(60, 'en', 'leader approval requests', 'Leader Approval Requests'),
(61, 'ar', 'requestsManagement', 'إدارة الطلبات'),
(62, 'ar', 'department leader requests', 'طلبات مدير القسم'),
(63, 'ar', 'courses department requests', 'طلبات قسم الدورات'),
(64, 'ar', 'courses manager requests', 'طلبات مدير الدورات'),
(65, 'ar', 'request details', 'تفاصيل الطلب'),
(66, 'ar', 'workflow timeline', 'مرحلة سير العمل'),
(67, 'ar', 'instructor', 'المدربين'),
(68, 'ar', 'educationCommander', 'طلبات قائد التعليم '),
(70, 'ar', 'educationOfficer', 'طلبات ضابط التعليم'),
(71, 'ar', 'educationAdmin', 'طلبات إدارة التعليم'),
(72, 'ar', 'departmentCommander', 'طلبات قائد القسم'),
(73, 'ar', 'departmentOfficer', 'طلبات ضابط القسم'),
(74, 'ar', 'departmentAdmin', 'طلبات إدارة القسم '),
(75, 'ar', 'myRequests', 'طلباتي');

-- --------------------------------------------------------

--
-- Table structure for table `units`
--

CREATE TABLE `units` (
  `id_unit` int(11) NOT NULL,
  `name_ar` varchar(100) NOT NULL,
  `name_en` varchar(100) NOT NULL
) ENGINE=InnoDB DEFAULT CHARSET=utf8mb4 COLLATE=utf8mb4_unicode_ci;

--
-- Dumping data for table `units`
--

INSERT INTO `units` (`id_unit`, `name_ar`, `name_en`) VALUES
(1, 'القوات الجوية الأميرية القطرية', 'Qatar Emairi Air Force'),
(2, 'القوات البرية الاميرية القطرية', 'Qatari Emiri Land Forces\r\n'),
(3, 'القوات البحرية الاميرية القطرية', 'Qatar Emiri Naval Forces\r\n ');

-- --------------------------------------------------------

--
-- Table structure for table `users`
--

CREATE TABLE `users` (
  `id` int(11) NOT NULL,
  `military_number` int(11) DEFAULT NULL,
  `id_department` int(11) NOT NULL DEFAULT 0,
  `default_base` int(11) NOT NULL DEFAULT 0,
  `firstname` varchar(255) NOT NULL,
  `lastname` varchar(255) NOT NULL,
  `email` varchar(255) NOT NULL,
  `email_verified_at` timestamp NULL DEFAULT NULL,
  `password` varchar(255) NOT NULL,
  `remember_token` varchar(100) DEFAULT NULL,
  `cnx` int(11) NOT NULL DEFAULT 0,
  `roles` varchar(250) NOT NULL,
  `permission` varchar(250) NOT NULL,
  `created_at` timestamp NULL DEFAULT NULL,
  `updated_at` timestamp NULL DEFAULT NULL,
  `profile_picture` varchar(255) DEFAULT NULL,
  `id_signature` int(11) DEFAULT NULL,
  `id_role` int(11) DEFAULT NULL,
  `is_active` tinyint(1) DEFAULT 1,
  `first_login` tinyint(1) DEFAULT 1,
  `password_changed` tinyint(1) DEFAULT 0,
  `id_rank` int(10) UNSIGNED DEFAULT NULL
) ENGINE=InnoDB DEFAULT CHARSET=utf8mb4 COLLATE=utf8mb4_unicode_ci;

--
-- Dumping data for table `users`
--

INSERT INTO `users` (`id`, `military_number`, `id_department`, `default_base`, `firstname`, `lastname`, `email`, `email_verified_at`, `password`, `remember_token`, `cnx`, `roles`, `permission`, `created_at`, `updated_at`, `profile_picture`, `id_signature`, `id_role`, `is_active`, `first_login`, `password_changed`, `id_rank`) VALUES
(1, 101010, 118, 0, 'سالم', 'حنيتم', 'Salim123', NULL, '$2y$10$DBZsnn/f2qooipnChxKrzOwAz13LPhU8U5K2Gih7TGci0B3lZVa1S', NULL, 0, '', '', NULL, NULL, '', 44, 25, 1, 0, 0, 50),
(42, 114142, 48, 0, 'محمد نصير ناصر ', 'الهنائي', 'naseer123', NULL, '$2y$10$EgIFBcFh8EClm/JbFp.kPuirz/l2CkbgEwBgpUQ.VcHVImUpKshpK', NULL, 0, '', '', NULL, NULL, 'QEAF Logo (small).png', 24, 1, 1, 0, 0, 74),
(94, 202020, 48, 0, 'Adel', 'ALZyidi', 'Adel89@gmail.com', NULL, '$2y$10$JNnNmkLg2s43m85NwcVJ4u8DILaAvT8q1KCUrar4IoB46DUl6ph4C', NULL, 0, '', '', NULL, NULL, 'logo.png', NULL, 4, 1, 0, 1, 79),
(113, 303030, 118, 0, 'تركي ', 'الشهواني ', 'Turki123', NULL, '$2y$10$MIwex44CsHnOJBob1qD9g.LTMMs7KiA/VySYhHDH6fRaalrR0OetC', NULL, 0, '', '', NULL, NULL, '', NULL, 20, 1, 0, 0, 71),
(114, 404040, 118, 0, 'مبارك ', 'السليطي ', 'Mubark123', NULL, '$2y$10$YbL4VTfukb3iM3/SsRGoZ.By.haHVF.x8X91nnO1Bc45JUKhgWG9S', NULL, 0, '', '', NULL, NULL, '', NULL, 21, 1, 0, 0, 69),
(115, 505050, 118, 0, 'محمد', 'الهاجري', 'Mohammed123', NULL, '$2y$10$3INgVIxy.QRuUnK9s2uR6uMFl9Mme/VtZb5WNKM8ceB35dbbEHFC2', NULL, 0, '', '', NULL, NULL, '', NULL, 22, 1, 0, 0, 50),
(116, 55555, 118, 0, 'عبدالعزيز', 'الثمنة', 'Abdulaziz123', NULL, '$2y$10$qN1ZMlV8jbfUYwEWlFORlOjkVgzPWYQzD7KTnUBYx8x//3mM4ssvC', NULL, 0, '', '', NULL, NULL, '', 25, 23, 1, 0, 0, 34),
(117, 606060, 118, 0, 'سعود علي محمد ', 'الهنائي', 'Saud123', NULL, '$2y$10$46RTAlGQBNxOhs58WEy4oeakinjRNUQiAnkXxvTb9GSLubp3hzLKa', NULL, 0, '', '', NULL, NULL, '', 43, 24, 1, 0, 0, 68),
(119, 707070, 4, 0, 'يوسف', 'المراغي', 'Yousef123', NULL, '$2y$10$XZ.ab7KruIJEnM4uApocV.HFJ1x1ManIwZjAPdjCkGeJxS.AUYCWG', NULL, 0, '', '', NULL, NULL, '', NULL, 20, 1, 0, 0, 45),
(120, 808080, 6, 0, 'خالد', 'المزروعي', 'Khalid123', NULL, '$2y$10$kbty6cgvl4e7D2pca7NZR.F3fAHDAOOy2lWGmyycULUuBWxfDJcQa', NULL, 0, '', '', NULL, NULL, '', 45, 20, 1, 0, 0, 16);

--
-- Indexes for dumped tables
--

--
-- Indexes for table `bases`
--
ALTER TABLE `bases`
  ADD PRIMARY KEY (`id`);

--
-- Indexes for table `calendar`
--
ALTER TABLE `calendar`
  ADD PRIMARY KEY (`event_id`),
  ADD KEY `officer_id` (`id_employee`);

--
-- Indexes for table `course`
--
ALTER TABLE `course`
  ADD PRIMARY KEY (`id_course`),
  ADD KEY `id_location` (`id_location`),
  ADD KEY `location` (`id_location`),
  ADD KEY `id_department` (`id_department`);

--
-- Indexes for table `courses_employees`
--
ALTER TABLE `courses_employees`
  ADD PRIMARY KEY (`id`),
  ADD KEY `id` (`id`);

--
-- Indexes for table `course_attendance`
--
ALTER TABLE `course_attendance`
  ADD PRIMARY KEY (`id`);

--
-- Indexes for table `course_decisions`
--
ALTER TABLE `course_decisions`
  ADD PRIMARY KEY (`id`),
  ADD KEY `idx_course_employee` (`course_employee_id`),
  ADD KEY `idx_decision_stage` (`stage`),
  ADD KEY `idx_decision_status` (`decision`),
  ADD KEY `decision_by` (`decision_by`);

--
-- Indexes for table `departments`
--
ALTER TABLE `departments`
  ADD PRIMARY KEY (`id_department`);

--
-- Indexes for table `department_bases`
--
ALTER TABLE `department_bases`
  ADD PRIMARY KEY (`id`);

--
-- Indexes for table `document`
--
ALTER TABLE `document`
  ADD PRIMARY KEY (`id_document`);

--
-- Indexes for table `documents_course`
--
ALTER TABLE `documents_course`
  ADD PRIMARY KEY (`id`),
  ADD KEY `id_document` (`id_document`),
  ADD KEY `id_course` (`id_course`);

--
-- Indexes for table `employee`
--
ALTER TABLE `employee`
  ADD PRIMARY KEY (`id_employee`),
  ADD UNIQUE KEY `military_number` (`military_number`),
  ADD KEY `unit` (`id_unit`),
  ADD KEY `id_unit` (`id_unit`),
  ADD KEY `id_rank` (`id_rank`) USING BTREE,
  ADD KEY `id_nationality` (`id_nationality`) USING BTREE,
  ADD KEY `id_department` (`id_department`) USING BTREE,
  ADD KEY `id_gender` (`id_gender`),
  ADD KEY `id_ranks_categories` (`id_ranks_categories`),
  ADD KEY `id_signature` (`id_signature`);

--
-- Indexes for table `employee_signatures`
--
ALTER TABLE `employee_signatures`
  ADD PRIMARY KEY (`id`);

--
-- Indexes for table `equivalency_certificates`
--
ALTER TABLE `equivalency_certificates`
  ADD PRIMARY KEY (`id`),
  ADD KEY `id_rank` (`id_rank`),
  ADD KEY `id_location` (`id_location`),
  ADD KEY `id_unit` (`id_unit`);

--
-- Indexes for table `genders`
--
ALTER TABLE `genders`
  ADD PRIMARY KEY (`id_gender`);

--
-- Indexes for table `location`
--
ALTER TABLE `location`
  ADD PRIMARY KEY (`id_location`);

--
-- Indexes for table `nationalities`
--
ALTER TABLE `nationalities`
  ADD PRIMARY KEY (`id_nationality`);

--
-- Indexes for table `officer_plan`
--
ALTER TABLE `officer_plan`
  ADD PRIMARY KEY (`id_employee`),
  ADD KEY `id_rank` (`rank_name`,`department_name`);

--
-- Indexes for table `password_reset_tokens`
--
ALTER TABLE `password_reset_tokens`
  ADD PRIMARY KEY (`email`);

--
-- Indexes for table `permissions`
--
ALTER TABLE `permissions`
  ADD PRIMARY KEY (`id`),
  ADD UNIQUE KEY `unique_role_page` (`id_role`,`page`);

--
-- Indexes for table `ranks`
--
ALTER TABLE `ranks`
  ADD PRIMARY KEY (`id_rank`);

--
-- Indexes for table `ranks_categories`
--
ALTER TABLE `ranks_categories`
  ADD PRIMARY KEY (`id_ranks_categories`);

--
-- Indexes for table `roles`
--
ALTER TABLE `roles`
  ADD PRIMARY KEY (`id_role`);

--
-- Indexes for table `translations`
--
ALTER TABLE `translations`
  ADD PRIMARY KEY (`id`),
  ADD UNIQUE KEY `language_key` (`language`,`key`);

--
-- Indexes for table `units`
--
ALTER TABLE `units`
  ADD PRIMARY KEY (`id_unit`);

--
-- Indexes for table `users`
--
ALTER TABLE `users`
  ADD PRIMARY KEY (`id`),
  ADD KEY `email` (`email`),
  ADD KEY `id_role` (`id_role`),
  ADD KEY `id_department` (`id_department`),
  ADD KEY `fk_users_signature` (`id_signature`),
  ADD KEY `fk_users_id_rank` (`id_rank`);

--
-- AUTO_INCREMENT for dumped tables
--

--
-- AUTO_INCREMENT for table `bases`
--
ALTER TABLE `bases`
  MODIFY `id` int(10) UNSIGNED NOT NULL AUTO_INCREMENT, AUTO_INCREMENT=5;

--
-- AUTO_INCREMENT for table `calendar`
--
ALTER TABLE `calendar`
  MODIFY `event_id` int(11) NOT NULL AUTO_INCREMENT, AUTO_INCREMENT=151;

--
-- AUTO_INCREMENT for table `course`
--
ALTER TABLE `course`
  MODIFY `id_course` int(11) NOT NULL AUTO_INCREMENT, AUTO_INCREMENT=76;

--
-- AUTO_INCREMENT for table `courses_employees`
--
ALTER TABLE `courses_employees`
  MODIFY `id` bigint(20) NOT NULL AUTO_INCREMENT, AUTO_INCREMENT=60;

--
-- AUTO_INCREMENT for table `course_attendance`
--
ALTER TABLE `course_attendance`
  MODIFY `id` int(11) NOT NULL AUTO_INCREMENT, AUTO_INCREMENT=25;

--
-- AUTO_INCREMENT for table `course_decisions`
--
ALTER TABLE `course_decisions`
  MODIFY `id` bigint(20) NOT NULL AUTO_INCREMENT COMMENT 'المعرف الفريد للقرار', AUTO_INCREMENT=174;

--
-- AUTO_INCREMENT for table `departments`
--
ALTER TABLE `departments`
  MODIFY `id_department` int(11) NOT NULL AUTO_INCREMENT, AUTO_INCREMENT=161;

--
-- AUTO_INCREMENT for table `department_bases`
--
ALTER TABLE `department_bases`
  MODIFY `id` bigint(20) UNSIGNED NOT NULL AUTO_INCREMENT, AUTO_INCREMENT=259;

--
-- AUTO_INCREMENT for table `document`
--
ALTER TABLE `document`
  MODIFY `id_document` int(11) NOT NULL AUTO_INCREMENT, AUTO_INCREMENT=114;

--
-- AUTO_INCREMENT for table `documents_course`
--
ALTER TABLE `documents_course`
  MODIFY `id` int(11) NOT NULL AUTO_INCREMENT, AUTO_INCREMENT=30;

--
-- AUTO_INCREMENT for table `employee`
--
ALTER TABLE `employee`
  MODIFY `id_employee` int(11) NOT NULL AUTO_INCREMENT, AUTO_INCREMENT=91;

--
-- AUTO_INCREMENT for table `employee_signatures`
--
ALTER TABLE `employee_signatures`
  MODIFY `id` int(11) NOT NULL AUTO_INCREMENT, AUTO_INCREMENT=46;

--
-- AUTO_INCREMENT for table `equivalency_certificates`
--
ALTER TABLE `equivalency_certificates`
  MODIFY `id` int(11) NOT NULL AUTO_INCREMENT, AUTO_INCREMENT=124;

--
-- AUTO_INCREMENT for table `genders`
--
ALTER TABLE `genders`
  MODIFY `id_gender` int(10) UNSIGNED NOT NULL AUTO_INCREMENT, AUTO_INCREMENT=3;

--
-- AUTO_INCREMENT for table `location`
--
ALTER TABLE `location`
  MODIFY `id_location` int(11) NOT NULL AUTO_INCREMENT, AUTO_INCREMENT=183;

--
-- AUTO_INCREMENT for table `nationalities`
--
ALTER TABLE `nationalities`
  MODIFY `id_nationality` int(11) NOT NULL AUTO_INCREMENT, AUTO_INCREMENT=230;

--
-- AUTO_INCREMENT for table `officer_plan`
--
ALTER TABLE `officer_plan`
  MODIFY `id_employee` int(11) NOT NULL AUTO_INCREMENT, AUTO_INCREMENT=74;

--
-- AUTO_INCREMENT for table `permissions`
--
ALTER TABLE `permissions`
  MODIFY `id` int(11) NOT NULL AUTO_INCREMENT, AUTO_INCREMENT=2686;

--
-- AUTO_INCREMENT for table `ranks`
--
ALTER TABLE `ranks`
  MODIFY `id_rank` int(10) UNSIGNED NOT NULL AUTO_INCREMENT, AUTO_INCREMENT=111;

--
-- AUTO_INCREMENT for table `ranks_categories`
--
ALTER TABLE `ranks_categories`
  MODIFY `id_ranks_categories` int(10) UNSIGNED NOT NULL AUTO_INCREMENT, AUTO_INCREMENT=4;

--
-- AUTO_INCREMENT for table `roles`
--
ALTER TABLE `roles`
  MODIFY `id_role` int(11) NOT NULL AUTO_INCREMENT, AUTO_INCREMENT=27;

--
-- AUTO_INCREMENT for table `translations`
--
ALTER TABLE `translations`
  MODIFY `id` int(11) NOT NULL AUTO_INCREMENT, AUTO_INCREMENT=76;

--
-- AUTO_INCREMENT for table `units`
--
ALTER TABLE `units`
  MODIFY `id_unit` int(11) NOT NULL AUTO_INCREMENT, AUTO_INCREMENT=4;

--
-- AUTO_INCREMENT for table `users`
--
ALTER TABLE `users`
  MODIFY `id` int(11) NOT NULL AUTO_INCREMENT, AUTO_INCREMENT=123;

--
-- Constraints for dumped tables
--

--
-- Constraints for table `course`
--
ALTER TABLE `course`
  ADD CONSTRAINT `fk_course_department` FOREIGN KEY (`id_department`) REFERENCES `departments` (`id_department`) ON UPDATE CASCADE,
  ADD CONSTRAINT `fk_course_location` FOREIGN KEY (`id_location`) REFERENCES `location` (`id_location`) ON UPDATE CASCADE;

--
-- Constraints for table `course_decisions`
--
ALTER TABLE `course_decisions`
  ADD CONSTRAINT `decision_by` FOREIGN KEY (`decision_by`) REFERENCES `users` (`id`) ON DELETE CASCADE ON UPDATE CASCADE,
  ADD CONSTRAINT `fk_decision_course_employee` FOREIGN KEY (`course_employee_id`) REFERENCES `courses_employees` (`id`) ON DELETE CASCADE ON UPDATE CASCADE;

--
-- Constraints for table `department_bases`
--
ALTER TABLE `department_bases`
  ADD CONSTRAINT `department_bases_base_id_foreign` FOREIGN KEY (`base_id`) REFERENCES `bases` (`id`) ON DELETE CASCADE;

--
-- Constraints for table `employee`
--
ALTER TABLE `employee`
  ADD CONSTRAINT `employee_ibfk_1` FOREIGN KEY (`id_signature`) REFERENCES `employee_signatures` (`id`),
  ADD CONSTRAINT `fk_employee_signature` FOREIGN KEY (`id_signature`) REFERENCES `employee_signatures` (`id`);

--
-- Constraints for table `genders`
--
ALTER TABLE `genders`
  ADD CONSTRAINT `genders_ibfk_1` FOREIGN KEY (`id_gender`) REFERENCES `employees` (`id`);

--
-- Constraints for table `users`
--
ALTER TABLE `users`
  ADD CONSTRAINT `fk_users_id_rank` FOREIGN KEY (`id_rank`) REFERENCES `ranks` (`id_rank`) ON DELETE SET NULL ON UPDATE CASCADE,
  ADD CONSTRAINT `fk_users_signature` FOREIGN KEY (`id_signature`) REFERENCES `employee_signatures` (`id`) ON DELETE SET NULL ON UPDATE CASCADE,
  ADD CONSTRAINT `users_ibfk_1` FOREIGN KEY (`id_department`) REFERENCES `departments` (`id_department`),
  ADD CONSTRAINT `users_ibfk_2` FOREIGN KEY (`id_role`) REFERENCES `roles` (`id_role`);
COMMIT;

/*!40101 SET CHARACTER_SET_CLIENT=@OLD_CHARACTER_SET_CLIENT */;
/*!40101 SET CHARACTER_SET_RESULTS=@OLD_CHARACTER_SET_RESULTS */;
/*!40101 SET COLLATION_CONNECTION=@OLD_COLLATION_CONNECTION */;
